,chainlength,barrier_content,degenerate_barrier_content,degenerate_adjacent_score,cell_chain,internal_chainlength,barrier_fraction,imagename,source_cell,target_cell,vertex,object,weighted_barrier_content,binary_barrier,adjacent_barrier
0,7,0,0.0,0.0,"['Epithelial cells', 'CD57+ CD4 T cells', 'Mesenchymal cells', 'Mesenchymal cells', 'Mesenchymal cells', 'Mesenchymal cells', 'CD4 T cells']",5,0.0,P1_TMA_REC_20190508-roi_4,CD4 T cells,Epithelial cells,16,24,0.0,0,0
1,5,1,0.25,0.5,"['Epithelial cells', 'Myofibroblasts', 'Tregs', 'Tregs', 'CD4 T cells']",3,0.3333333333333333,P1_TMA_REC_20190508-roi_4,CD4 T cells,Epithelial cells,96,113,1.0,1,1
2,5,1,0.5,1.0,"['Epithelial cells', 'Myofibroblasts', 'CD8 Trm', 'CD8 Trm', 'CD4 T cells']",3,0.3333333333333333,P1_TMA_REC_20190508-roi_4,CD4 T cells,Epithelial cells,120,109,1.0,1,1
3,2,0,0.0,0.0,"['Epithelial cells', 'CD4 T cells']",0,,P1_TMA_REC_20190508-roi_4,CD4 T cells,Epithelial cells,191,209,0.0,0,0
4,7,2,0.3333333333333333,0.0,"['Epithelial cells', 'CD4 T cells', 'CD8 Trm', 'CD8 Trm', 'Myofibroblasts', 'Myofibroblasts', 'CD4 T cells']",5,0.4,P1_TMA_REC_20190508-roi_4,CD4 T cells,Epithelial cells,232,216,0.45,1,0
5,9,7,1.0,1.0,"['Epithelial cells', 'Myofibroblasts', 'Myofibroblasts', 'Myofibroblasts', 'Myofibroblasts', 'Myofibroblasts', 'Myofibroblasts', 'Myofibroblasts', 'CD4 T cells']",7,1.0,P1_TMA_REC_20190508-roi_4,CD4 T cells,Epithelial cells,244,245,2.5928571428571425,1,1
6,7,3,0.6666666666666666,1.0,"['Epithelial cells', 'Myofibroblasts', 'CD4 T cells', 'CD4 T cells', 'Myofibroblasts', 'Myofibroblasts', 'CD4 T cells']",5,0.6,P1_TMA_REC_20190508-roi_4,CD4 T cells,Epithelial cells,272,286,1.45,1,1
7,9,3,0.5,1.0,"['Epithelial cells', 'Myofibroblasts', 'CD4 T cells', 'CD4 T cells', 'Myofibroblasts', 'Myofibroblasts', 'CD4 T cells', 'CD4 T cells', 'CD4 T cells']",7,0.42857142857142855,P1_TMA_REC_20190508-roi_4,CD4 T cells,Epithelial cells,291,302,1.45,1,1
8,7,3,0.6666666666666666,1.0,"['Epithelial cells', 'Myofibroblasts', 'Myofibroblasts', 'Myofibroblasts', 'CD57+ CD8 Trm', 'CD57+ CD8 Trm', 'CD4 T cells']",5,0.6,P1_TMA_REC_20190508-roi_4,CD4 T cells,Epithelial cells,294,280,1.8333333333333333,1,1
9,9,3,0.5,1.0,"['Epithelial cells', 'Myofibroblasts', 'Myofibroblasts', 'Myofibroblasts', 'CD57+ CD8 Trm', 'CD57+ CD8 Trm', 'Mesenchymal cells', 'Mesenchymal cells', 'CD4 T cells']",7,0.42857142857142855,P1_TMA_REC_20190508-roi_4,CD4 T cells,Epithelial cells,300,275,1.8333333333333333,1,1
10,7,3,0.6666666666666666,1.0,"['Epithelial cells', 'Myofibroblasts', 'Mesenchymal cells', 'Mesenchymal cells', 'Myofibroblasts', 'Myofibroblasts', 'CD4 T cells']",5,0.6,P1_TMA_REC_20190508-roi_4,CD4 T cells,Epithelial cells,338,332,1.45,1,1
11,2,0,0.0,0.0,"['Epithelial cells', 'CD4 T cells']",0,,P1_TMA_REC_20190508-roi_4,CD4 T cells,Epithelial cells,371,363,0.0,0,0
12,9,5,0.5,0.5,"['Epithelial cells', 'Myofibroblasts', 'Myofibroblasts', 'Myofibroblasts', 'Tregs', 'Tregs', 'Myofibroblasts', 'Myofibroblasts', 'CD4 T cells']",7,0.7142857142857143,P1_TMA_REC_20190508-roi_4,CD4 T cells,Epithelial cells,377,384,2.142857142857143,1,1
13,3,1,1.0,1.0,"['Epithelial cells', 'Myofibroblasts', 'CD4 T cells']",1,1.0,P1_TMA_REC_20190508-roi_4,CD4 T cells,Epithelial cells,380,377,1.0,1,1
14,11,5,0.6,1.0,"['Epithelial cells', 'Myofibroblasts', 'Mesenchymal cells', 'Mesenchymal cells', 'Myofibroblasts', 'Myofibroblasts', 'CD4 T cells', 'CD4 T cells', 'Myofibroblasts', 'Myofibroblasts', 'CD4 T cells']",9,0.5555555555555556,P1_TMA_REC_20190508-roi_4,CD4 T cells,Epithelial cells,383,388,1.6861111111111111,1,1
15,11,6,0.6,0.0,"['Epithelial cells', 'Mesenchymal cells', 'Mesenchymal cells', 'Mesenchymal cells', 'Myofibroblasts', 'Myofibroblasts', 'Myofibroblasts', 'Myofibroblasts', 'Myofibroblasts', 'Myofibroblasts', 'CD4 T cells']",9,0.6666666666666666,P1_TMA_REC_20190508-roi_4,CD4 T cells,Epithelial cells,408,398,0.9956349206349207,1,0
16,5,0,0.0,0.0,"['Epithelial cells', 'Mesenchymal cells', 'CD8 Trm', 'CD8 Trm', 'CD4 T cells']",3,0.0,P1_TMA_REC_20190508-roi_4,CD4 T cells,Epithelial cells,409,407,0.0,0,0
17,5,0,0.0,0.0,"['Epithelial cells', 'CD8 Exhausted TDT', 'CD57+ CD4 T cells', 'CD57+ CD4 T cells', 'CD4 T cells']",3,0.0,P1_TMA_REC_20190508-roi_4,CD4 T cells,Epithelial cells,415,424,0.0,0,0
18,15,7,0.42857142857142855,0.5,"['Epithelial cells', 'Myofibroblasts', 'Myofibroblasts', 'Myofibroblasts', 'Tregs', 'Tregs', 'Myofibroblasts', 'Myofibroblasts', 'CD4 T cells', 'CD4 T cells', 'CD8 T cells', 'CD8 T cells', 'Myofibroblasts', 'Myofibroblasts', 'CD4 T cells']",13,0.5384615384615384,P1_TMA_REC_20190508-roi_4,CD4 T cells,Epithelial cells,436,457,2.3031135531135534,1,1
19,11,3,0.4,1.0,"['Epithelial cells', 'Myofibroblasts', 'CD8 Trm', 'CD8 Trm', 'CD8 T cells', 'CD8 T cells', 'Myofibroblasts', 'Myofibroblasts', 'Naive CD8 T cells', 'Naive CD8 T cells', 'CD4 T cells']",9,0.3333333333333333,P1_TMA_REC_20190508-roi_4,CD4 T cells,Epithelial cells,451,443,1.3095238095238095,1,1
20,9,3,0.5,1.0,"['Epithelial cells', 'Myofibroblasts', 'Myofibroblasts', 'Myofibroblasts', 'CD8 Trm', 'CD8 Trm', 'Mesenchymal cells', 'Mesenchymal cells', 'CD4 T cells']",7,0.42857142857142855,P1_TMA_REC_20190508-roi_4,CD4 T cells,Epithelial cells,459,488,1.8333333333333333,1,1
21,3,1,1.0,1.0,"['Epithelial cells', 'Myofibroblasts', 'CD4 T cells']",1,1.0,P1_TMA_REC_20190508-roi_4,CD4 T cells,Epithelial cells,514,541,1.0,1,1
22,7,4,0.6666666666666666,0.0,"['Epithelial cells', 'Mesenchymal cells', 'Myofibroblasts', 'Myofibroblasts', 'Myofibroblasts', 'Myofibroblasts', 'CD4 T cells']",5,0.8,P1_TMA_REC_20190508-roi_4,CD4 T cells,Epithelial cells,546,503,1.2833333333333332,1,0
23,15,7,0.5714285714285714,0.5,"['Epithelial cells', 'Myofibroblasts', 'CD8 Trm', 'CD8 Trm', 'CD8 T cells', 'CD8 T cells', 'Myofibroblasts', 'Myofibroblasts', 'Myofibroblasts', 'Myofibroblasts', 'CD8 Trm', 'CD8 Trm', 'Myofibroblasts', 'Myofibroblasts', 'CD4 T cells']",13,0.5384615384615384,P1_TMA_REC_20190508-roi_4,CD4 T cells,Epithelial cells,547,543,1.7058913308913308,1,1
24,5,2,0.5,0.0,"['Epithelial cells', 'CD57+ CD8 Trm', 'Myofibroblasts', 'Myofibroblasts', 'CD4 T cells']",3,0.6666666666666666,P1_TMA_REC_20190508-roi_4,CD4 T cells,Epithelial cells,578,562,0.8333333333333333,1,0
25,13,5,0.5,1.0,"['Epithelial cells', 'Myofibroblasts', 'CD57+ CD4 T cells', 'CD57+ CD4 T cells', 'Myofibroblasts', 'Myofibroblasts', 'Endothelial cells', 'Endothelial cells', 'CD8 Trm', 'CD8 Trm', 'Myofibroblasts', 'Myofibroblasts', 'CD4 T cells']",11,0.45454545454545453,P1_TMA_REC_20190508-roi_4,CD4 T cells,Epithelial cells,579,589,1.6409090909090909,1,1
26,13,5,0.5,1.0,"['Epithelial cells', 'Myofibroblasts', 'Myofibroblasts', 'Myofibroblasts', 'Mesenchymal cells', 'Mesenchymal cells', 'Mesenchymal cells', 'Mesenchymal cells', 'Myofibroblasts', 'Myofibroblasts', 'CD57+ CD4 T cells', 'CD57+ CD4 T cells', 'CD4 T cells']",11,0.45454545454545453,P1_TMA_REC_20190508-roi_4,CD4 T cells,Epithelial cells,598,593,2.069444444444444,1,1
27,9,3,0.625,1.0,"['Epithelial cells', 'Myofibroblasts', 'Mesenchymal cells', 'Mesenchymal cells', 'Myofibroblasts', 'Myofibroblasts', 'CD8 Trm', 'CD8 Trm', 'CD4 T cells']",7,0.42857142857142855,P1_TMA_REC_20190508-roi_4,CD4 T cells,Epithelial cells,626,622,1.45,1,1
28,11,2,0.2,0.0,"['Epithelial cells', 'Mesenchymal cells', 'CD8 Trm', 'CD8 Trm', 'Mesenchymal cells', 'Mesenchymal cells', 'Myofibroblasts', 'Myofibroblasts', 'CD4 T cells', 'CD4 T cells', 'CD4 T cells']",9,0.2222222222222222,P1_TMA_REC_20190508-roi_4,CD4 T cells,Epithelial cells,632,612,0.30952380952380953,1,0
29,9,4,0.5,0.0,"['Epithelial cells', 'Endothelial cells', 'Endothelial cells', 'Endothelial cells', 'Myofibroblasts', 'Myofibroblasts', 'Myofibroblasts', 'Myofibroblasts', 'CD4 T cells']",7,0.5714285714285714,P1_TMA_REC_20190508-roi_4,CD4 T cells,Epithelial cells,641,659,0.7595238095238095,1,0
30,7,2,0.3333333333333333,0.0,"['Epithelial cells', 'Endothelial cells', 'CD8 T cells', 'CD8 T cells', 'Myofibroblasts', 'Myofibroblasts', 'CD4 T cells']",5,0.4,P1_TMA_REC_20190508-roi_4,CD4 T cells,Epithelial cells,743,752,0.45,1,0
31,9,4,0.375,0.0,"['Epithelial cells', 'Endothelial cells', 'Myofibroblasts', 'Myofibroblasts', 'Endothelial cells', 'Endothelial cells', 'Myofibroblasts', 'Myofibroblasts', 'CD4 T cells']",7,0.5714285714285714,P1_TMA_REC_20190508-roi_4,CD4 T cells,Epithelial cells,760,763,1.1428571428571428,1,0
32,7,2,0.5,0.0,"['Epithelial cells', 'Mesenchymal cells', 'CD8 Trm', 'CD8 Trm', 'Myofibroblasts', 'Myofibroblasts', 'CD4 T cells']",5,0.4,P1_TMA_REC_20190508-roi_4,CD4 T cells,Epithelial cells,836,863,0.45,1,0
33,7,2,0.3333333333333333,0.0,"['Epithelial cells', 'Endothelial cells', 'Myofibroblasts', 'Myofibroblasts', 'Endothelial cells', 'Endothelial cells', 'CD4 T cells']",5,0.4,P1_TMA_REC_20190508-roi_4,CD4 T cells,Epithelial cells,849,852,0.8333333333333333,1,0
34,5,2,0.75,0.5,"['Epithelial cells', 'Endothelial cells', 'Myofibroblasts', 'Myofibroblasts', 'CD4 T cells']",3,0.6666666666666666,P1_TMA_REC_20190508-roi_4,CD4 T cells,Epithelial cells,864,859,0.8333333333333333,1,0
35,2,0,0.0,0.0,"['Epithelial cells', 'CD4 T cells']",0,,P1_TMA_REC_20190508-roi_4,CD4 T cells,Epithelial cells,892,899,0.0,0,0
36,3,0,0.0,0.0,"['Epithelial cells', 'Cytotoxic CD4 T cells', 'CD4 T cells']",1,0.0,P1_TMA_REC_20190508-roi_4,CD4 T cells,Epithelial cells,986,1045,0.0,0,0
37,2,0,0.0,0.0,"['Epithelial cells', 'CD4 T cells']",0,,P1_TMA_REC_20190508-roi_4,CD4 T cells,Epithelial cells,994,994,0.0,0,0
38,9,1,0.25,1.0,"['Epithelial cells', 'Myofibroblasts', 'Endothelial cells', 'Endothelial cells', 'Endothelial cells', 'Endothelial cells', 'CD57+ CD4 T cells', 'CD57+ CD4 T cells', 'CD4 T cells']",7,0.14285714285714285,P1_TMA_REC_20190508-roi_4,CD4 T cells,Epithelial cells,1001,957,1.0,1,1
39,3,0,0.0,0.0,"['Epithelial cells', 'CD8 T cells', 'CD4 T cells']",1,0.0,P1_TMA_REC_20190508-roi_4,CD4 T cells,Epithelial cells,1039,1023,0.0,0,0
40,3,0,0.0,0.0,"['Epithelial cells', 'CD8 T cells', 'CD4 T cells']",1,0.0,P1_TMA_REC_20190508-roi_4,CD4 T cells,Epithelial cells,1057,1057,0.0,0,0
41,5,0,0.0,0.0,"['Epithelial cells', 'Mesenchymal cells', 'CD8 T cells', 'CD8 T cells', 'CD4 T cells']",3,0.0,P1_TMA_REC_20190508-roi_4,CD4 T cells,Epithelial cells,1060,1064,0.0,0,0
42,5,2,0.16666666666666666,0.0,"['Epithelial cells', 'Mesenchymal cells', 'Myofibroblasts', 'Myofibroblasts', 'CD4 T cells']",3,0.6666666666666666,P1_TMA_REC_20190508-roi_4,CD4 T cells,Epithelial cells,1122,1131,0.8333333333333333,1,0
43,3,0,0.0,0.0,"['Epithelial cells', 'Endothelial cells', 'CD4 T cells']",1,0.0,P1_TMA_REC_20190508-roi_4,CD4 T cells,Epithelial cells,1132,1140,0.0,0,0
44,5,2,0.5,0.0,"['Epithelial cells', 'CD4 T cells', 'Myofibroblasts', 'Myofibroblasts', 'CD4 T cells']",3,0.6666666666666666,P1_TMA_REC_20190508-roi_4,CD4 T cells,Epithelial cells,1145,1113,0.8333333333333333,1,0
45,3,1,1.0,1.0,"['Epithelial cells', 'Myofibroblasts', 'CD4 T cells']",1,1.0,P1_TMA_REC_20190508-roi_4,CD4 T cells,Epithelial cells,1159,1150,1.0,1,1
46,5,0,0.0,0.0,"['Epithelial cells', 'Mesenchymal cells', 'Mesenchymal cells', 'Mesenchymal cells', 'CD4 T cells']",3,0.0,P1_TMA_REC_20190508-roi_4,CD4 T cells,Epithelial cells,1168,1198,0.0,0,0
47,2,0,0.0,0.0,"['Epithelial cells', 'CD4 T cells']",0,,P1_TMA_REC_20190508-roi_4,CD4 T cells,Epithelial cells,1204,1189,0.0,0,0
48,2,0,0.0,0.0,"['Epithelial cells', 'CD4 T cells']",0,,P1_TMA_REC_20190508-roi_4,CD4 T cells,Epithelial cells,1232,1211,0.0,0,0
49,2,0,0.0,0.0,"['Epithelial cells', 'CD4 T cells']",0,,P1_TMA_REC_20190508-roi_4,CD4 T cells,Epithelial cells,1248,1235,0.0,0,0
50,3,0,0.0,0.0,"['Epithelial cells', 'CD4 T cells', 'CD4 T cells']",1,0.0,P1_TMA_REC_20190508-roi_4,CD4 T cells,Epithelial cells,1250,1278,0.0,0,0
51,3,1,1.0,1.0,"['Epithelial cells', 'Myofibroblasts', 'CD4 T cells']",1,1.0,P1_TMA_REC_20190508-roi_4,CD4 T cells,Epithelial cells,1293,1317,1.0,1,1
52,5,1,0.5,1.0,"['Epithelial cells', 'Myofibroblasts', 'Endothelial cells', 'Endothelial cells', 'CD4 T cells']",3,0.3333333333333333,P1_TMA_REC_20190508-roi_4,CD4 T cells,Epithelial cells,1302,1296,1.0,1,1
53,2,0,0.0,0.0,"['Epithelial cells', 'CD4 T cells']",0,,P1_TMA_REC_20190508-roi_4,CD4 T cells,Epithelial cells,1310,1352,0.0,0,0
54,7,0,0.0,0.0,"['Epithelial cells', 'Mesenchymal cells', 'CD4 T cells', 'CD4 T cells', 'Mesenchymal cells', 'Mesenchymal cells', 'CD4 T cells']",5,0.0,P1_TMA_REC_20190508-roi_4,CD4 T cells,Epithelial cells,1316,1340,0.0,0,0
55,3,1,1.0,1.0,"['Epithelial cells', 'Myofibroblasts', 'CD4 T cells']",1,1.0,P1_TMA_REC_20190508-roi_4,CD4 T cells,Epithelial cells,1344,1351,1.0,1,1
56,2,0,0.0,0.0,"['Epithelial cells', 'CD4 T cells']",0,,P1_TMA_REC_20190508-roi_4,CD4 T cells,Epithelial cells,1346,1333,0.0,0,0
57,3,0,0.0,0.0,"['Epithelial cells', 'CD8 Trm', 'CD4 T cells']",1,0.0,P1_TMA_REC_20190508-roi_4,CD4 T cells,Epithelial cells,1347,1381,0.0,0,0
58,7,0,0.0,0.0,"['Epithelial cells', 'CD4 T cells', 'Mesenchymal cells', 'Mesenchymal cells', 'CD4 T cells', 'CD4 T cells', 'CD4 T cells']",5,0.0,P1_TMA_REC_20190508-roi_4,CD4 T cells,Epithelial cells,1355,1338,0.0,0,0
59,2,0,0.0,0.0,"['Epithelial cells', 'CD4 T cells']",0,,P1_TMA_REC_20190508-roi_4,CD4 T cells,Epithelial cells,1361,1373,0.0,0,0
60,3,0,0.0,0.0,"['Epithelial cells', 'Mesenchymal cells', 'CD4 T cells']",1,0.0,P1_TMA_REC_20190508-roi_4,CD4 T cells,Epithelial cells,1366,1356,0.0,0,0
61,5,2,0.5,0.0,"['Epithelial cells', 'Endothelial cells', 'Myofibroblasts', 'Myofibroblasts', 'CD4 T cells']",3,0.6666666666666666,P1_TMA_REC_20190508-roi_4,CD4 T cells,Epithelial cells,1368,1375,0.8333333333333333,1,0
62,15,3,0.2857142857142857,1.0,"['Epithelial cells', 'Myofibroblasts', 'Mesenchymal cells', 'Mesenchymal cells', 'Mesenchymal cells', 'Mesenchymal cells', 'Myofibroblasts', 'Myofibroblasts', 'CD8 T cells', 'CD8 T cells', 'CD8 T cells', 'CD8 T cells', 'Mesenchymal cells', 'Mesenchymal cells', 'CD4 T cells']",13,0.23076923076923078,P1_TMA_REC_20190508-roi_4,CD4 T cells,Epithelial cells,1379,1395,1.3095238095238095,1,1
63,5,0,0.0,0.0,"['Epithelial cells', 'CD4 T cells', 'Mesenchymal cells', 'Mesenchymal cells', 'CD4 T cells']",3,0.0,P1_TMA_REC_20190508-roi_4,CD4 T cells,Epithelial cells,1395,1371,0.0,0,0
64,7,0,0.0,0.0,"['Epithelial cells', 'CD4 T cells', 'Mesenchymal cells', 'Mesenchymal cells', 'CD4 T cells', 'CD4 T cells', 'CD4 T cells']",5,0.0,P1_TMA_REC_20190508-roi_4,CD4 T cells,Epithelial cells,1396,1435,0.0,0,0
65,5,2,0.5,0.0,"['Epithelial cells', 'Mesenchymal cells', 'Myofibroblasts', 'Myofibroblasts', 'CD4 T cells']",3,0.6666666666666666,P1_TMA_REC_20190508-roi_4,CD4 T cells,Epithelial cells,1402,1496,0.8333333333333333,1,0
66,2,0,0.0,0.0,"['Epithelial cells', 'CD4 T cells']",0,,P1_TMA_REC_20190508-roi_4,CD4 T cells,Epithelial cells,1435,1535,0.0,0,0
67,2,0,0.0,0.0,"['Epithelial cells', 'CD4 T cells']",0,,P1_TMA_REC_20190508-roi_4,CD4 T cells,Epithelial cells,1481,1411,0.0,0,0
68,13,6,0.5,0.0,"['Epithelial cells', 'CD4 T cells', 'Myofibroblasts', 'Myofibroblasts', 'CD8 Trm', 'CD8 Trm', 'Myofibroblasts', 'Myofibroblasts', 'Myofibroblasts', 'Myofibroblasts', 'CD8 T cells', 'CD8 T cells', 'CD4 T cells']",11,0.5454545454545454,P1_TMA_REC_20190508-roi_4,CD4 T cells,Epithelial cells,1490,1403,1.378968253968254,1,0
69,11,2,0.2,0.0,"['Epithelial cells', 'Mesenchymal cells', 'Endothelial cells', 'Endothelial cells', 'Myofibroblasts', 'Myofibroblasts', 'CD57+ CD8 Trm', 'CD57+ CD8 Trm', 'CD57+ CD8 Trm', 'CD57+ CD8 Trm', 'CD4 T cells']",9,0.2222222222222222,P1_TMA_REC_20190508-roi_4,CD4 T cells,Epithelial cells,1503,1517,0.45,1,0
70,9,3,0.5,1.0,"['Epithelial cells', 'Myofibroblasts', 'Myofibroblasts', 'Myofibroblasts', 'Endothelial cells', 'Endothelial cells', 'CD8 T cells', 'CD8 T cells', 'CD4 T cells']",7,0.42857142857142855,P1_TMA_REC_20190508-roi_4,CD4 T cells,Epithelial cells,1523,1446,1.8333333333333333,1,1
71,3,0,0.0,0.0,"['Epithelial cells', 'Mesenchymal cells', 'CD4 T cells']",1,0.0,P1_TMA_REC_20190508-roi_4,CD4 T cells,Epithelial cells,1529,1527,0.0,0,0
72,2,0,0.0,0.0,"['Epithelial cells', 'CD4 T cells']",0,,P1_TMA_REC_20190508-roi_4,CD4 T cells,Epithelial cells,1545,1577,0.0,0,0
73,3,0,0.0,0.0,"['Epithelial cells', 'Endothelial cells', 'CD4 T cells']",1,0.0,P1_TMA_REC_20190508-roi_4,CD4 T cells,Epithelial cells,1572,1573,0.0,0,0
74,7,2,0.3333333333333333,0.0,"['Epithelial cells', 'Mesenchymal cells', 'Endothelial cells', 'Endothelial cells', 'Myofibroblasts', 'Myofibroblasts', 'CD4 T cells']",5,0.4,P1_TMA_REC_20190508-roi_4,CD4 T cells,Epithelial cells,1666,1668,0.45,1,0
75,7,3,0.6666666666666666,1.0,"['Epithelial cells', 'Myofibroblasts', 'Myofibroblasts', 'Myofibroblasts', 'Naive CD4 T cells', 'Naive CD4 T cells', 'CD4 T cells']",5,0.6,P1_TMA_REC_20190508-roi_4,CD4 T cells,Epithelial cells,1672,1657,1.8333333333333333,1,1
76,3,0,0.0,0.0,"['Epithelial cells', 'Mesenchymal cells', 'CD4 T cells']",1,0.0,P1_TMA_REC_20190508-roi_4,CD4 T cells,Epithelial cells,1673,1701,0.0,0,0
77,5,1,0.5,1.0,"['Epithelial cells', 'Myofibroblasts', 'Endothelial cells', 'Endothelial cells', 'CD4 T cells']",3,0.3333333333333333,P1_TMA_REC_20190508-roi_4,CD4 T cells,Epithelial cells,1675,1641,1.0,1,1
78,7,2,0.3333333333333333,0.0,"['Epithelial cells', 'Mesenchymal cells', 'Unassigned', 'Unassigned', 'Myofibroblasts', 'Myofibroblasts', 'CD4 T cells']",5,0.4,P1_TMA_REC_20190508-roi_4,CD4 T cells,Epithelial cells,1687,1677,0.45,1,0
79,5,0,0.25,0.0,"['Epithelial cells', 'CD8 T cells', 'Mesenchymal cells', 'Mesenchymal cells', 'CD4 T cells']",3,0.0,P1_TMA_REC_20190508-roi_4,CD4 T cells,Epithelial cells,1689,1691,0.0,0,0
80,5,3,1.0,1.0,"['Epithelial cells', 'Myofibroblasts', 'Myofibroblasts', 'Myofibroblasts', 'CD4 T cells']",3,1.0,P1_TMA_REC_20190508-roi_4,CD4 T cells,Epithelial cells,1696,1703,1.8333333333333333,1,1
81,9,3,0.5,0.5,"['Epithelial cells', 'Myofibroblasts', 'Myofibroblasts', 'Myofibroblasts', 'Endothelial cells', 'Endothelial cells', 'CD8 T cells', 'CD8 T cells', 'CD4 T cells']",7,0.42857142857142855,P1_TMA_REC_20190508-roi_4,CD4 T cells,Epithelial cells,1700,1704,1.8333333333333333,1,1
82,5,2,0.5,0.0,"['Epithelial cells', 'Mesenchymal cells', 'Myofibroblasts', 'Myofibroblasts', 'CD4 T cells']",3,0.6666666666666666,P1_TMA_REC_20190508-roi_4,CD4 T cells,Epithelial cells,1702,1793,0.8333333333333333,1,0
83,7,2,0.3333333333333333,0.0,"['Epithelial cells', 'CD4 T cells', 'Myofibroblasts', 'Myofibroblasts', 'Endothelial cells', 'Endothelial cells', 'CD4 T cells']",5,0.4,P1_TMA_REC_20190508-roi_4,CD4 T cells,Epithelial cells,1710,1676,0.8333333333333333,1,0
84,11,3,0.4,1.0,"['Epithelial cells', 'Myofibroblasts', 'Mesenchymal cells', 'Mesenchymal cells', 'Mesenchymal cells', 'Mesenchymal cells', 'Myofibroblasts', 'Myofibroblasts', 'CD8 T cells', 'CD8 T cells', 'CD4 T cells']",9,0.3333333333333333,P1_TMA_REC_20190508-roi_4,CD4 T cells,Epithelial cells,1723,1754,1.3095238095238095,1,1
85,7,5,1.0,1.0,"['Epithelial cells', 'Myofibroblasts', 'Myofibroblasts', 'Myofibroblasts', 'Myofibroblasts', 'Myofibroblasts', 'CD4 T cells']",5,1.0,P1_TMA_REC_20190508-roi_4,CD4 T cells,Epithelial cells,1748,1755,2.283333333333333,1,1
86,5,1,0.16666666666666666,0.3333333333333333,"['Epithelial cells', 'Myofibroblasts', 'CD4 T cells', 'CD4 T cells', 'CD4 T cells']",3,0.3333333333333333,P1_TMA_REC_20190508-roi_4,CD4 T cells,Epithelial cells,1777,1825,1.0,1,1
87,2,0,0.0,0.0,"['Epithelial cells', 'CD4 T cells']",0,,P1_TMA_REC_20190508-roi_4,CD4 T cells,Epithelial cells,1790,1801,0.0,0,0
88,11,5,0.6,1.0,"['Epithelial cells', 'Myofibroblasts', 'Myofibroblasts', 'Myofibroblasts', 'Myofibroblasts', 'Myofibroblasts', 'CD8 T cells', 'CD8 T cells', 'CD8 Trm', 'CD8 Trm', 'CD4 T cells']",9,0.5555555555555556,P1_TMA_REC_20190508-roi_4,CD4 T cells,Epithelial cells,1815,1800,2.283333333333333,1,1
89,3,0,0.0,0.0,"['Epithelial cells', 'CD8 Trm', 'CD4 T cells']",1,0.0,P1_TMA_REC_20190508-roi_4,CD4 T cells,Epithelial cells,1842,1842,0.0,0,0
90,3,1,1.0,1.0,"['Epithelial cells', 'Myofibroblasts', 'CD4 T cells']",1,1.0,P1_TMA_REC_20190508-roi_4,CD4 T cells,Epithelial cells,1848,1870,1.0,1,1
91,5,1,0.5,1.0,"['Epithelial cells', 'Myofibroblasts', 'CD8 Trm', 'CD8 Trm', 'CD4 T cells']",3,0.3333333333333333,P1_TMA_REC_20190508-roi_4,CD4 T cells,Epithelial cells,1855,1851,1.0,1,1
92,5,0,0.0,0.0,"['Epithelial cells', 'CD4 T cells', 'CD4 T cells', 'CD4 T cells', 'CD4 T cells']",3,0.0,P1_TMA_REC_20190508-roi_4,CD4 T cells,Epithelial cells,1871,1836,0.0,0,0
93,2,0,0.0,0.0,"['Epithelial cells', 'CD4 T cells']",0,,P1_TMA_REC_20190508-roi_4,CD4 T cells,Epithelial cells,1874,1840,0.0,0,0
94,7,2,0.3333333333333333,0.0,"['Epithelial cells', 'Unassigned', 'Mesenchymal cells', 'Mesenchymal cells', 'Myofibroblasts', 'Myofibroblasts', 'CD4 T cells']",5,0.4,P1_TMA_REC_20190508-roi_4,CD4 T cells,Epithelial cells,1877,1938,0.45,1,0
95,3,0,0.0,0.0,"['Epithelial cells', 'CD4 T cells', 'CD4 T cells']",1,0.0,P1_TMA_REC_20190508-roi_4,CD4 T cells,Epithelial cells,1883,1835,0.0,0,0
96,2,0,0.0,0.0,"['Epithelial cells', 'CD4 T cells']",0,,P1_TMA_REC_20190508-roi_4,CD4 T cells,Epithelial cells,1906,1881,0.0,0,0
97,2,0,0.0,0.0,"['Epithelial cells', 'CD4 T cells']",0,,P1_TMA_REC_20190508-roi_4,CD4 T cells,Epithelial cells,1907,1913,0.0,0,0
98,2,0,0.0,0.0,"['Epithelial cells', 'CD4 T cells']",0,,P1_TMA_REC_20190508-roi_4,CD4 T cells,Epithelial cells,1909,1884,0.0,0,0
99,2,0,0.0,0.0,"['Epithelial cells', 'CD4 T cells']",0,,P1_TMA_REC_20190508-roi_4,CD4 T cells,Epithelial cells,1924,1908,0.0,0,0
100,2,0,0.0,0.0,"['Epithelial cells', 'CD4 T cells']",0,,P1_TMA_REC_20190508-roi_4,CD4 T cells,Epithelial cells,1925,1921,0.0,0,0
101,5,0,0.25,0.0,"['Epithelial cells', 'CD4 T cells', 'CD8 T cells', 'CD8 T cells', 'CD4 T cells']",3,0.0,P1_TMA_REC_20190508-roi_4,CD4 T cells,Epithelial cells,1928,2004,0.0,0,0
102,5,2,0.5,0.0,"['Epithelial cells', 'Endothelial cells', 'Myofibroblasts', 'Myofibroblasts', 'CD4 T cells']",3,0.6666666666666666,P1_TMA_REC_20190508-roi_4,CD4 T cells,Epithelial cells,1929,1935,0.8333333333333333,1,0
103,3,0,0.0,0.0,"['Epithelial cells', 'CD4 T cells', 'CD4 T cells']",1,0.0,P1_TMA_REC_20190508-roi_4,CD4 T cells,Epithelial cells,1930,1946,0.0,0,0
104,2,0,0.0,0.0,"['Epithelial cells', 'CD4 T cells']",0,,P1_TMA_REC_20190508-roi_4,CD4 T cells,Epithelial cells,1942,1895,0.0,0,0
105,7,2,0.3333333333333333,0.5,"['Epithelial cells', 'Cytotoxic CD8 T cells', 'Mesenchymal cells', 'Mesenchymal cells', 'Myofibroblasts', 'Myofibroblasts', 'CD4 T cells']",5,0.4,P1_TMA_REC_20190508-roi_4,CD4 T cells,Epithelial cells,1943,1918,0.45,1,0
106,3,1,1.0,1.0,"['Epithelial cells', 'Myofibroblasts', 'CD4 T cells']",1,1.0,P1_TMA_REC_20190508-roi_4,CD4 T cells,Epithelial cells,1992,2002,1.0,1,1
107,7,2,0.3333333333333333,0.0,"['Epithelial cells', 'Cytotoxic CD8 T cells', 'CD4 T cells', 'CD4 T cells', 'Myofibroblasts', 'Myofibroblasts', 'CD4 T cells']",5,0.4,P1_TMA_REC_20190508-roi_4,CD4 T cells,Epithelial cells,1999,1948,0.45,1,0
108,7,1,0.3333333333333333,1.0,"['Epithelial cells', 'Myofibroblasts', 'CD8 Trm', 'CD8 Trm', 'CD8 Trm', 'CD8 Trm', 'CD4 T cells']",5,0.2,P1_TMA_REC_20190508-roi_4,CD4 T cells,Epithelial cells,2002,2038,1.0,1,1
109,3,0,0.0,0.0,"['Epithelial cells', 'Mesenchymal cells', 'CD4 T cells']",1,0.0,P1_TMA_REC_20190508-roi_4,CD4 T cells,Epithelial cells,2021,2001,0.0,0,0
110,2,0,0.0,0.0,"['Epithelial cells', 'CD4 T cells']",0,,P1_TMA_REC_20190508-roi_4,CD4 T cells,Epithelial cells,2041,2080,0.0,0,0
111,3,0,0.0,0.0,"['Epithelial cells', 'CD4 T cells', 'CD4 T cells']",1,0.0,P1_TMA_REC_20190508-roi_4,CD4 T cells,Epithelial cells,2061,2025,0.0,0,0
112,5,2,0.25,0.0,"['Epithelial cells', 'CD8 Trm', 'Myofibroblasts', 'Myofibroblasts', 'CD4 T cells']",3,0.6666666666666666,P1_TMA_REC_20190508-roi_4,CD4 T cells,Epithelial cells,2063,2105,0.8333333333333333,1,0
113,2,0,0.0,0.0,"['Epithelial cells', 'CD4 T cells']",0,,P1_TMA_REC_20190508-roi_4,CD4 T cells,Epithelial cells,2076,2082,0.0,0,0
114,7,2,0.3333333333333333,0.5,"['Epithelial cells', 'Cytotoxic CD4 T cells', 'Myofibroblasts', 'Myofibroblasts', 'Mesenchymal cells', 'Mesenchymal cells', 'CD4 T cells']",5,0.4,P1_TMA_REC_20190508-roi_4,CD4 T cells,Epithelial cells,2093,2187,0.8333333333333333,1,0
115,7,2,0.3333333333333333,0.0,"['Epithelial cells', 'Mesenchymal cells', 'Mesenchymal cells', 'Mesenchymal cells', 'Myofibroblasts', 'Myofibroblasts', 'CD4 T cells']",5,0.4,P1_TMA_REC_20190508-roi_4,CD4 T cells,Epithelial cells,2096,2047,0.45,1,0
116,9,0,0.0,0.0,"['Epithelial cells', 'CD8 Trm', 'CD8 Trm', 'CD8 Trm', 'Endothelial cells', 'Endothelial cells', 'Mesenchymal cells', 'Mesenchymal cells', 'CD4 T cells']",7,0.0,P1_TMA_REC_20190508-roi_4,CD4 T cells,Epithelial cells,2104,2069,0.0,0,0
117,3,0,0.0,0.0,"['Epithelial cells', 'Cytotoxic CD8 T cells', 'CD4 T cells']",1,0.0,P1_TMA_REC_20190508-roi_4,CD4 T cells,Epithelial cells,2106,2142,0.0,0,0
118,3,1,1.0,1.0,"['Epithelial cells', 'Myofibroblasts', 'CD4 T cells']",1,1.0,P1_TMA_REC_20190508-roi_4,CD4 T cells,Epithelial cells,2108,2099,1.0,1,1
119,3,0,0.0,0.0,"['Epithelial cells', 'CD4 T cells', 'CD4 T cells']",1,0.0,P1_TMA_REC_20190508-roi_4,CD4 T cells,Epithelial cells,2110,2100,0.0,0,0
120,5,0,0.3333333333333333,0.0,"['Epithelial cells', 'Mesenchymal cells', 'Endothelial cells', 'Endothelial cells', 'CD4 T cells']",3,0.0,P1_TMA_REC_20190508-roi_4,CD4 T cells,Epithelial cells,2115,2122,0.0,0,0
121,3,0,0.0,0.0,"['Epithelial cells', 'Endothelial cells', 'CD4 T cells']",1,0.0,P1_TMA_REC_20190508-roi_4,CD4 T cells,Epithelial cells,2125,2131,0.0,0,0
122,3,0,0.0,0.0,"['Epithelial cells', 'Cytotoxic CD8 T cells', 'CD4 T cells']",1,0.0,P1_TMA_REC_20190508-roi_4,CD4 T cells,Epithelial cells,2136,2114,0.0,0,0
123,2,0,0.0,0.0,"['Epithelial cells', 'CD4 T cells']",0,,P1_TMA_REC_20190508-roi_4,CD4 T cells,Epithelial cells,2140,2130,0.0,0,0
124,2,0,0.0,0.0,"['Epithelial cells', 'CD4 T cells']",0,,P1_TMA_REC_20190508-roi_4,CD4 T cells,Epithelial cells,2156,2121,0.0,0,0
125,5,3,1.0,1.0,"['Epithelial cells', 'Myofibroblasts', 'Myofibroblasts', 'Myofibroblasts', 'CD4 T cells']",3,1.0,P1_TMA_REC_20190508-roi_4,CD4 T cells,Epithelial cells,2161,2196,1.8333333333333333,1,1
126,7,2,0.16666666666666666,0.0,"['Epithelial cells', 'Mesenchymal cells', 'Myofibroblasts', 'Myofibroblasts', 'CD8 Trm', 'CD8 Trm', 'CD4 T cells']",5,0.4,P1_TMA_REC_20190508-roi_4,CD4 T cells,Epithelial cells,2168,2158,0.8333333333333333,1,0
127,5,3,1.0,1.0,"['Epithelial cells', 'Myofibroblasts', 'Myofibroblasts', 'Myofibroblasts', 'CD4 T cells']",3,1.0,P1_TMA_REC_20190508-roi_4,CD4 T cells,Epithelial cells,2181,2163,1.8333333333333333,1,1
128,5,3,1.0,1.0,"['Epithelial cells', 'Myofibroblasts', 'Myofibroblasts', 'Myofibroblasts', 'CD4 T cells']",3,1.0,P1_TMA_REC_20190508-roi_4,CD4 T cells,Epithelial cells,2183,2227,1.8333333333333333,1,1
129,5,0,0.0,0.0,"['Epithelial cells', 'Mesenchymal cells', 'CD57+ CD8 Trm', 'CD57+ CD8 Trm', 'CD4 T cells']",3,0.0,P1_TMA_REC_20190508-roi_4,CD4 T cells,Epithelial cells,2197,2222,0.0,0,0
130,5,0,0.0,0.0,"['Epithelial cells', 'Mesenchymal cells', 'CD57+ CD8 Trm', 'CD57+ CD8 Trm', 'CD4 T cells']",3,0.0,P1_TMA_REC_20190508-roi_4,CD4 T cells,Epithelial cells,2199,2238,0.0,0,0
131,7,1,0.4166666666666667,0.5,"['Epithelial cells', 'Myofibroblasts', 'Mesenchymal cells', 'Mesenchymal cells', 'CD8 T cells', 'CD8 T cells', 'CD4 T cells']",5,0.2,P1_TMA_REC_20190508-roi_4,CD4 T cells,Epithelial cells,2201,2234,1.0,1,1
132,2,0,0.0,0.0,"['Epithelial cells', 'CD4 T cells']",0,,P1_TMA_REC_20190508-roi_4,CD4 T cells,Epithelial cells,2213,2151,0.0,0,0
133,3,0,0.0,0.0,"['Epithelial cells', 'Mesenchymal cells', 'CD4 T cells']",1,0.0,P1_TMA_REC_20190508-roi_4,CD4 T cells,Epithelial cells,2215,2226,0.0,0,0
134,3,0,0.0,0.0,"['Epithelial cells', 'Unassigned', 'CD4 T cells']",1,0.0,P1_TMA_REC_20190508-roi_4,CD4 T cells,Epithelial cells,2219,2344,0.0,0,0
135,3,0,0.0,0.0,"['Epithelial cells', 'CD8 Trm', 'CD4 T cells']",1,0.0,P1_TMA_REC_20190508-roi_4,CD4 T cells,Epithelial cells,2234,2232,0.0,0,0
136,2,0,0.0,0.0,"['Epithelial cells', 'CD4 T cells']",0,,P1_TMA_REC_20190508-roi_4,CD4 T cells,Epithelial cells,2245,2224,0.0,0,0
137,5,3,1.0,1.0,"['Epithelial cells', 'Myofibroblasts', 'Myofibroblasts', 'Myofibroblasts', 'CD4 T cells']",3,1.0,P1_TMA_REC_20190508-roi_4,CD4 T cells,Epithelial cells,2257,2300,1.8333333333333333,1,1
138,3,0,0.0,0.0,"['Epithelial cells', 'Cytotoxic CD4 T cells', 'CD4 T cells']",1,0.0,P1_TMA_REC_20190508-roi_4,CD4 T cells,Epithelial cells,2272,2325,0.0,0,0
139,3,0,0.0,0.0,"['Epithelial cells', 'Cytotoxic CD4 T cells', 'CD4 T cells']",1,0.0,P1_TMA_REC_20190508-roi_4,CD4 T cells,Epithelial cells,2274,2366,0.0,0,0
140,2,0,0.0,0.0,"['Epithelial cells', 'CD4 T cells']",0,,P1_TMA_REC_20190508-roi_4,CD4 T cells,Epithelial cells,2276,2213,0.0,0,0
141,3,0,0.0,0.0,"['Epithelial cells', 'CD8 Trm', 'CD4 T cells']",1,0.0,P1_TMA_REC_20190508-roi_4,CD4 T cells,Epithelial cells,2286,2289,0.0,0,0
142,3,0,0.0,0.0,"['Epithelial cells', 'CD4 T cells', 'CD4 T cells']",1,0.0,P1_TMA_REC_20190508-roi_4,CD4 T cells,Epithelial cells,2288,2412,0.0,0,0
143,7,0,0.2222222222222222,0.3333333333333333,"['Epithelial cells', 'CD57+ CD8 Trm', 'CD4+ Myeloid cells', 'CD4+ Myeloid cells', 'Mesenchymal cells', 'Mesenchymal cells', 'CD4 T cells']",5,0.0,P1_TMA_REC_20190508-roi_4,CD4 T cells,Epithelial cells,2298,2342,0.0,0,0
144,3,1,1.0,1.0,"['Epithelial cells', 'Myofibroblasts', 'CD4 T cells']",1,1.0,P1_TMA_REC_20190508-roi_4,CD4 T cells,Epithelial cells,2305,2316,1.0,1,1
145,7,2,0.3333333333333333,0.0,"['Epithelial cells', 'Mesenchymal cells', 'Myofibroblasts', 'Myofibroblasts', 'Endothelial cells', 'Endothelial cells', 'CD4 T cells']",5,0.4,P1_TMA_REC_20190508-roi_4,CD4 T cells,Epithelial cells,2315,2301,0.8333333333333333,1,0
146,3,0,0.0,0.0,"['Epithelial cells', 'CD8 T cells', 'CD4 T cells']",1,0.0,P1_TMA_REC_20190508-roi_4,CD4 T cells,Epithelial cells,2318,2346,0.0,0,0
147,7,2,0.3333333333333333,0.3333333333333333,"['Epithelial cells', 'CD8 Trm', 'CD8 Trm', 'CD8 Trm', 'Myofibroblasts', 'Myofibroblasts', 'CD4 T cells']",5,0.4,P1_TMA_REC_20190508-roi_4,CD4 T cells,Epithelial cells,2341,2323,0.45,1,0
148,3,0,0.0,0.0,"['Epithelial cells', 'Cytotoxic CD8 T cells', 'CD4 T cells']",1,0.0,P1_TMA_REC_20190508-roi_4,CD4 T cells,Epithelial cells,2342,2274,0.0,0,0
149,5,0,0.25,0.5,"['Epithelial cells', 'CD8 Trm', 'Mesenchymal cells', 'Mesenchymal cells', 'CD4 T cells']",3,0.0,P1_TMA_REC_20190508-roi_4,CD4 T cells,Epithelial cells,2349,2335,0.0,0,0
150,2,0,0.0,0.0,"['Epithelial cells', 'CD4 T cells']",0,,P1_TMA_REC_20190508-roi_4,CD4 T cells,Epithelial cells,2354,2415,0.0,0,0
151,2,0,0.0,0.0,"['Epithelial cells', 'CD4 T cells']",0,,P1_TMA_REC_20190508-roi_4,CD4 T cells,Epithelial cells,2357,2401,0.0,0,0
152,3,0,0.0,0.0,"['Epithelial cells', 'CD4 T cells', 'CD4 T cells']",1,0.0,P1_TMA_REC_20190508-roi_4,CD4 T cells,Epithelial cells,2363,2381,0.0,0,0
153,3,0,0.0,0.0,"['Epithelial cells', 'Mesenchymal cells', 'CD4 T cells']",1,0.0,P1_TMA_REC_20190508-roi_4,CD4 T cells,Epithelial cells,2370,2410,0.0,0,0
154,3,1,1.0,1.0,"['Epithelial cells', 'Myofibroblasts', 'CD4 T cells']",1,1.0,P1_TMA_REC_20190508-roi_4,CD4 T cells,Epithelial cells,2379,2347,1.0,1,1
155,5,1,0.5,1.0,"['Epithelial cells', 'Myofibroblasts', 'CD8 T cells', 'CD8 T cells', 'CD4 T cells']",3,0.3333333333333333,P1_TMA_REC_20190508-roi_4,CD4 T cells,Epithelial cells,2380,2406,1.0,1,1
156,3,0,0.0,0.0,"['Epithelial cells', 'Mesenchymal cells', 'CD4 T cells']",1,0.0,P1_TMA_REC_20190508-roi_4,CD4 T cells,Epithelial cells,2406,2383,0.0,0,0
157,3,1,1.0,1.0,"['Epithelial cells', 'Myofibroblasts', 'CD4 T cells']",1,1.0,P1_TMA_REC_20190508-roi_4,CD4 T cells,Epithelial cells,2407,2429,1.0,1,1
158,2,0,0.0,0.0,"['Epithelial cells', 'CD4 T cells']",0,,P1_TMA_REC_20190508-roi_4,CD4 T cells,Epithelial cells,2421,2465,0.0,0,0
159,5,1,0.5,1.0,"['Epithelial cells', 'Myofibroblasts', 'CD4 T cells', 'CD4 T cells', 'CD4 T cells']",3,0.3333333333333333,P1_TMA_REC_20190508-roi_4,CD4 T cells,Epithelial cells,2423,2466,1.0,1,1
160,5,0,0.0,0.0,"['Epithelial cells', 'CD4 T cells', 'Endothelial cells', 'Endothelial cells', 'CD4 T cells']",3,0.0,P1_TMA_REC_20190508-roi_4,CD4 T cells,Epithelial cells,2433,2492,0.0,0,0
161,5,2,0.5,0.0,"['Epithelial cells', 'CD4 T cells', 'Myofibroblasts', 'Myofibroblasts', 'CD4 T cells']",3,0.6666666666666666,P1_TMA_REC_20190508-roi_4,CD4 T cells,Epithelial cells,2441,2435,0.8333333333333333,1,0
162,2,0,0.0,0.0,"['Epithelial cells', 'CD4 T cells']",0,,P1_TMA_REC_20190508-roi_4,CD4 T cells,Epithelial cells,2445,2409,0.0,0,0
163,2,0,0.0,0.0,"['Epithelial cells', 'CD4 T cells']",0,,P1_TMA_REC_20190508-roi_4,CD4 T cells,Epithelial cells,2451,2495,0.0,0,0
164,3,0,0.0,0.0,"['Epithelial cells', 'CD8 Trm', 'CD4 T cells']",1,0.0,P1_TMA_REC_20190508-roi_4,CD4 T cells,Epithelial cells,2453,2430,0.0,0,0
165,2,0,0.0,0.0,"['Epithelial cells', 'CD4 T cells']",0,,P1_TMA_REC_20190508-roi_4,CD4 T cells,Epithelial cells,2457,2456,0.0,0,0
166,3,0,0.0,0.0,"['Epithelial cells', 'Mesenchymal cells', 'CD4 T cells']",1,0.0,P1_TMA_REC_20190508-roi_4,CD4 T cells,Epithelial cells,2474,2514,0.0,0,0
167,5,0,0.0,0.0,"['Epithelial cells', 'CD8 T cells', 'CD8 T cells', 'CD8 T cells', 'CD4 T cells']",3,0.0,P1_TMA_REC_20190508-roi_4,CD4 T cells,Epithelial cells,2509,2487,0.0,0,0
168,3,0,0.5,0.5,"['Epithelial cells', 'Mesenchymal cells', 'CD4 T cells']",1,0.0,P1_TMA_REC_20190508-roi_4,CD4 T cells,Epithelial cells,2511,2543,0.0,0,0
169,2,0,0.0,0.0,"['Epithelial cells', 'CD4 T cells']",0,,P1_TMA_REC_20190508-roi_4,CD4 T cells,Epithelial cells,2524,2458,0.0,0,0
170,7,2,0.3333333333333333,0.0,"['Epithelial cells', 'Cytotoxic CD4 T cells', 'Endothelial cells', 'Endothelial cells', 'Myofibroblasts', 'Myofibroblasts', 'CD4 T cells']",5,0.4,P1_TMA_REC_20190508-roi_4,CD4 T cells,Epithelial cells,2527,2564,0.45,1,0
171,3,0,0.0,0.0,"['Epithelial cells', 'CD4 T cells', 'CD4 T cells']",1,0.0,P1_TMA_REC_20190508-roi_4,CD4 T cells,Epithelial cells,2571,2539,0.0,0,0
172,7,3,0.6666666666666666,1.0,"['Epithelial cells', 'Myofibroblasts', 'CD8 T cells', 'CD8 T cells', 'Myofibroblasts', 'Myofibroblasts', 'CD4 T cells']",5,0.6,P1_TMA_REC_20190508-roi_4,CD4 T cells,Epithelial cells,2575,2575,1.45,1,1
173,2,0,0.0,0.0,"['Epithelial cells', 'CD4 T cells']",0,,P1_TMA_REC_20190508-roi_4,CD4 T cells,Epithelial cells,2582,2665,0.0,0,0
174,3,1,0.5,0.5,"['Epithelial cells', 'Myofibroblasts', 'CD4 T cells']",1,1.0,P1_TMA_REC_20190508-roi_4,CD4 T cells,Epithelial cells,2603,2587,1.0,1,1
175,5,2,0.25,0.0,"['Epithelial cells', 'CD8 T cells', 'Myofibroblasts', 'Myofibroblasts', 'CD4 T cells']",3,0.6666666666666666,P1_TMA_REC_20190508-roi_4,CD4 T cells,Epithelial cells,2604,2610,0.8333333333333333,1,0
176,3,0,0.0,0.0,"['Epithelial cells', 'CD8 T cells', 'CD4 T cells']",1,0.0,P1_TMA_REC_20190508-roi_4,CD4 T cells,Epithelial cells,2616,2616,0.0,0,0
177,2,0,0.0,0.0,"['Epithelial cells', 'CD4 T cells']",0,,P1_TMA_REC_20190508-roi_4,CD4 T cells,Epithelial cells,2639,2647,0.0,0,0
178,3,0,0.0,0.0,"['Epithelial cells', 'Mesenchymal cells', 'CD4 T cells']",1,0.0,P1_TMA_REC_20190508-roi_4,CD4 T cells,Epithelial cells,2646,2648,0.0,0,0
179,2,0,0.0,0.0,"['Epithelial cells', 'CD4 T cells']",0,,P1_TMA_REC_20190508-roi_4,CD4 T cells,Epithelial cells,2647,2629,0.0,0,0
180,2,0,0.0,0.0,"['Epithelial cells', 'CD4 T cells']",0,,P1_TMA_REC_20190508-roi_4,CD4 T cells,Epithelial cells,2648,2630,0.0,0,0
181,5,0,0.0,0.0,"['Epithelial cells', 'CD4 T cells', 'T cells DP', 'T cells DP', 'CD4 T cells']",3,0.0,P1_TMA_REC_20190508-roi_4,CD4 T cells,Epithelial cells,2651,2618,0.0,0,0
182,2,0,0.0,0.0,"['Epithelial cells', 'CD4 T cells']",0,,P1_TMA_REC_20190508-roi_4,CD4 T cells,Epithelial cells,2653,2656,0.0,0,0
183,2,0,0.0,0.0,"['Epithelial cells', 'CD4 T cells']",0,,P1_TMA_REC_20190508-roi_4,CD4 T cells,Epithelial cells,2682,2742,0.0,0,0
184,3,0,0.0,0.0,"['Epithelial cells', 'CD4 T cells', 'CD4 T cells']",1,0.0,P1_TMA_REC_20190508-roi_4,CD4 T cells,Epithelial cells,2718,2736,0.0,0,0
185,3,0,0.0,0.0,"['Epithelial cells', 'CD4 T cells', 'CD4 T cells']",1,0.0,P1_TMA_REC_20190508-roi_4,CD4 T cells,Epithelial cells,2719,2737,0.0,0,0
186,5,0,0.25,0.0,"['Epithelial cells', 'Cytotoxic CD8 T cells', 'Mesenchymal cells', 'Mesenchymal cells', 'CD4 T cells']",3,0.0,P1_TMA_REC_20190508-roi_4,CD4 T cells,Epithelial cells,2746,2796,0.0,0,0
187,3,0,0.0,0.0,"['Epithelial cells', 'CD4 Tcm', 'CD4 T cells']",1,0.0,P1_TMA_REC_20190508-roi_4,CD4 T cells,Epithelial cells,2751,2814,0.0,0,0
188,5,2,0.25,0.0,"['Epithelial cells', 'Mesenchymal cells', 'Myofibroblasts', 'Myofibroblasts', 'CD4 T cells']",3,0.6666666666666666,P1_TMA_REC_20190508-roi_4,CD4 T cells,Epithelial cells,2752,2829,0.8333333333333333,1,0
189,3,0,0.0,0.0,"['Epithelial cells', 'CD4+ Myeloid cells', 'CD4 T cells']",1,0.0,P1_TMA_REC_20190508-roi_4,CD4 T cells,Epithelial cells,2788,2788,0.0,0,0
190,3,1,1.0,1.0,"['Epithelial cells', 'Myofibroblasts', 'CD4 T cells']",1,1.0,P1_TMA_REC_20190508-roi_4,CD4 T cells,Epithelial cells,2809,2787,1.0,1,1
191,5,2,0.5,0.0,"['Epithelial cells', 'Mesenchymal cells', 'Myofibroblasts', 'Myofibroblasts', 'CD4 T cells']",3,0.6666666666666666,P1_TMA_REC_20190508-roi_4,CD4 T cells,Epithelial cells,2817,2861,0.8333333333333333,1,0
192,7,1,0.3333333333333333,0.5,"['Epithelial cells', 'Myofibroblasts', 'CD8 T cells', 'CD8 T cells', 'CD57+ CD8 Trm', 'CD57+ CD8 Trm', 'CD4 T cells']",5,0.2,P1_TMA_REC_20190508-roi_4,CD4 T cells,Epithelial cells,2818,2862,1.0,1,1
193,3,0,0.0,0.0,"['Epithelial cells', 'CD8 Trm', 'CD4 T cells']",1,0.0,P1_TMA_REC_20190508-roi_4,CD4 T cells,Epithelial cells,2841,2928,0.0,0,0
194,5,0,0.0,0.0,"['Epithelial cells', 'T cells DP', 'CD8 Trm', 'CD8 Trm', 'CD4 T cells']",3,0.0,P1_TMA_REC_20190508-roi_4,CD4 T cells,Epithelial cells,2846,2799,0.0,0,0
195,5,0,0.0,0.0,"['Epithelial cells', 'CD57+ CD8 Trm', 'CD8 T cells', 'CD8 T cells', 'CD4 T cells']",3,0.0,P1_TMA_REC_20190508-roi_4,CD4 T cells,Epithelial cells,2862,2756,0.0,0,0
196,3,1,1.0,1.0,"['Epithelial cells', 'Myofibroblasts', 'CD4 T cells']",1,1.0,P1_TMA_REC_20190508-roi_4,CD4 T cells,Epithelial cells,2870,2839,1.0,1,1
197,2,0,0.0,0.0,"['Epithelial cells', 'CD4 T cells']",0,,P1_TMA_REC_20190508-roi_4,CD4 T cells,Epithelial cells,2871,2868,0.0,0,0
198,2,0,0.0,0.0,"['Epithelial cells', 'CD4 T cells']",0,,P1_TMA_REC_20190508-roi_4,CD4 T cells,Epithelial cells,2889,2954,0.0,0,0
199,2,0,0.0,0.0,"['Epithelial cells', 'CD4 T cells']",0,,P1_TMA_REC_20190508-roi_4,CD4 T cells,Epithelial cells,2893,2909,0.0,0,0
200,3,0,0.0,0.0,"['Epithelial cells', 'Mesenchymal cells', 'CD4 T cells']",1,0.0,P1_TMA_REC_20190508-roi_4,CD4 T cells,Epithelial cells,2913,2959,0.0,0,0
201,5,1,0.5,1.0,"['Epithelial cells', 'Myofibroblasts', 'CD8 Trm', 'CD8 Trm', 'CD4 T cells']",3,0.3333333333333333,P1_TMA_REC_20190508-roi_4,CD4 T cells,Epithelial cells,2924,2919,1.0,1,1
202,5,0,0.0,0.0,"['Epithelial cells', 'Cytotoxic CD4 T cells', 'Endothelial cells', 'Endothelial cells', 'CD4 T cells']",3,0.0,P1_TMA_REC_20190508-roi_4,CD4 T cells,Epithelial cells,2925,2907,0.0,0,0
203,7,0,0.0,0.0,"['Epithelial cells', 'CD4+ Myeloid cells', 'Endothelial cells', 'Endothelial cells', 'CD57+ CD8 Trm', 'CD57+ CD8 Trm', 'CD4 T cells']",5,0.0,P1_TMA_REC_20190508-roi_4,CD4 T cells,Epithelial cells,2946,2986,0.0,0,0
204,2,0,0.0,0.0,"['Epithelial cells', 'CD4 T cells']",0,,P1_TMA_REC_20190508-roi_4,CD4 T cells,Epithelial cells,2954,2968,0.0,0,0
205,3,0,0.0,0.0,"['Epithelial cells', 'Endothelial cells', 'CD4 T cells']",1,0.0,P1_TMA_REC_20190508-roi_4,CD4 T cells,Epithelial cells,2957,2999,0.0,0,0
206,3,0,0.0,0.0,"['Epithelial cells', 'CD4 T cells', 'CD4 T cells']",1,0.0,P1_TMA_REC_20190508-roi_4,CD4 T cells,Epithelial cells,2964,2930,0.0,0,0
207,2,0,0.0,0.0,"['Epithelial cells', 'CD4 T cells']",0,,P1_TMA_REC_20190508-roi_4,CD4 T cells,Epithelial cells,2968,2972,0.0,0,0
208,3,0,0.0,0.0,"['Epithelial cells', 'T cells DP', 'CD4 T cells']",1,0.0,P1_TMA_REC_20190508-roi_4,CD4 T cells,Epithelial cells,2970,2983,0.0,0,0
209,3,0,0.0,0.0,"['Epithelial cells', 'Mesenchymal cells', 'CD4 T cells']",1,0.0,P1_TMA_REC_20190508-roi_4,CD4 T cells,Epithelial cells,2990,2989,0.0,0,0
210,3,0,0.0,0.0,"['Epithelial cells', 'CD4 T cells', 'CD4 T cells']",1,0.0,P1_TMA_REC_20190508-roi_4,CD4 T cells,Epithelial cells,2991,3011,0.0,0,0
211,2,0,0.0,0.0,"['Epithelial cells', 'CD4 T cells']",0,,P1_TMA_REC_20190508-roi_4,CD4 T cells,Epithelial cells,3026,3078,0.0,0,0
212,2,0,0.0,0.0,"['Epithelial cells', 'CD4 T cells']",0,,P1_TMA_REC_20190508-roi_4,CD4 T cells,Epithelial cells,3041,3094,0.0,0,0
213,3,0,0.0,0.0,"['Epithelial cells', 'CD8 Trm', 'CD4 T cells']",1,0.0,P1_TMA_REC_20190508-roi_4,CD4 T cells,Epithelial cells,3066,3140,0.0,0,0
214,7,2,0.3333333333333333,0.0,"['Epithelial cells', 'CD8 Trm', 'Myofibroblasts', 'Myofibroblasts', 'CD8 T cells', 'CD8 T cells', 'CD4 T cells']",5,0.4,P1_TMA_REC_20190508-roi_4,CD4 T cells,Epithelial cells,3098,3099,0.8333333333333333,1,0
215,2,0,0.0,0.0,"['Epithelial cells', 'CD4 T cells']",0,,P1_TMA_REC_20190508-roi_4,CD4 T cells,Epithelial cells,3105,3119,0.0,0,0
216,3,0,0.0,0.0,"['Epithelial cells', 'Mesenchymal cells', 'CD4 T cells']",1,0.0,P1_TMA_REC_20190508-roi_4,CD4 T cells,Epithelial cells,3106,3100,0.0,0,0
217,7,0,0.0,0.0,"['Epithelial cells', 'CD8 Trm', 'CD8 T cells', 'CD8 T cells', 'Mesenchymal cells', 'Mesenchymal cells', 'CD4 T cells']",5,0.0,P1_TMA_REC_20190508-roi_4,CD4 T cells,Epithelial cells,3110,3117,0.0,0,0
218,7,0,0.0,0.0,"['Epithelial cells', 'CD4 T cells', 'Mesenchymal cells', 'Mesenchymal cells', 'Mesenchymal cells', 'Mesenchymal cells', 'CD4 T cells']",5,0.0,P1_TMA_REC_20190508-roi_4,CD4 T cells,Epithelial cells,3131,3154,0.0,0,0
219,9,0,0.125,0.0,"['Epithelial cells', 'Cytotoxic CD8 T cells', 'Endothelial cells', 'Endothelial cells', 'CD4 Tcm', 'CD4 Tcm', 'Mesenchymal cells', 'Mesenchymal cells', 'CD4 T cells']",7,0.0,P1_TMA_REC_20190508-roi_4,CD4 T cells,Epithelial cells,3132,3194,0.0,0,0
220,5,0,0.0,0.0,"['Epithelial cells', 'CD8 Trm', 'CD57+ CD8 Trm', 'CD57+ CD8 Trm', 'CD4 T cells']",3,0.0,P1_TMA_REC_20190508-roi_4,CD4 T cells,Epithelial cells,3134,3086,0.0,0,0
221,5,1,0.5,1.0,"['Epithelial cells', 'Myofibroblasts', 'Mesenchymal cells', 'Mesenchymal cells', 'CD4 T cells']",3,0.3333333333333333,P1_TMA_REC_20190508-roi_4,CD4 T cells,Epithelial cells,3144,3234,1.0,1,1
222,2,0,0.0,0.0,"['Epithelial cells', 'CD4 T cells']",0,,P1_TMA_REC_20190508-roi_4,CD4 T cells,Epithelial cells,3152,3138,0.0,0,0
223,2,0,0.0,0.0,"['Epithelial cells', 'CD4 T cells']",0,,P1_TMA_REC_20190508-roi_4,CD4 T cells,Epithelial cells,3177,3223,0.0,0,0
224,11,0,0.2,0.3333333333333333,"['Epithelial cells', 'T cells DP', 'CD4 T cells', 'CD4 T cells', 'CD8 T cells', 'CD8 T cells', 'Cytotoxic CD8 T cells', 'Cytotoxic CD8 T cells', 'CD8 T cells', 'CD8 T cells', 'CD4 T cells']",9,0.0,P1_TMA_REC_20190508-roi_4,CD4 T cells,Epithelial cells,3178,3170,0.0,0,0
225,9,2,0.25,0.0,"['Epithelial cells', 'CD8 Trm', 'CD8 T cells', 'CD8 T cells', 'CD4+ Myeloid cells', 'CD4+ Myeloid cells', 'Myofibroblasts', 'Myofibroblasts', 'CD4 T cells']",7,0.2857142857142857,P1_TMA_REC_20190508-roi_4,CD4 T cells,Epithelial cells,3182,3185,0.30952380952380953,1,0
226,11,4,0.3,0.0,"['Epithelial cells', 'CD8 T cells', 'Myofibroblasts', 'Myofibroblasts', 'CD8 Trm', 'CD8 Trm', 'Myofibroblasts', 'Myofibroblasts', 'CD8 T cells', 'CD8 T cells', 'CD4 T cells']",9,0.4444444444444444,P1_TMA_REC_20190508-roi_4,CD4 T cells,Epithelial cells,3201,3173,1.1428571428571428,1,0
227,11,2,0.35,0.0,"['Epithelial cells', 'Mesenchymal cells', 'Unassigned', 'Unassigned', 'Mesenchymal cells', 'Mesenchymal cells', 'Mesenchymal cells', 'Mesenchymal cells', 'Myofibroblasts', 'Myofibroblasts', 'CD4 T cells']",9,0.2222222222222222,P1_TMA_REC_20190508-roi_4,CD4 T cells,Epithelial cells,3202,3206,0.2361111111111111,1,0
228,7,0,0.0,0.0,"['Epithelial cells', 'CD4 T cells', 'Mesenchymal cells', 'Mesenchymal cells', 'CD57+ CD8 Trm', 'CD57+ CD8 Trm', 'CD4 T cells']",5,0.0,P1_TMA_REC_20190508-roi_4,CD4 T cells,Epithelial cells,3216,3228,0.0,0,0
229,2,0,0.0,0.0,"['Epithelial cells', 'CD4 T cells']",0,,P1_TMA_REC_20190508-roi_4,CD4 T cells,Epithelial cells,3233,3215,0.0,0,0
230,2,0,0.0,0.0,"['Epithelial cells', 'CD4 T cells']",0,,P1_TMA_REC_20190508-roi_4,CD4 T cells,Epithelial cells,3238,3256,0.0,0,0
231,13,5,0.5,1.0,"['Epithelial cells', 'Myofibroblasts', 'CD8 Exhausted TDT', 'CD8 Exhausted TDT', 'Myofibroblasts', 'Myofibroblasts', 'CD4 T cells', 'CD4 T cells', 'Myofibroblasts', 'Myofibroblasts', 'Cytotoxic CD8 T cells', 'Cytotoxic CD8 T cells', 'CD4 T cells']",11,0.45454545454545453,P1_TMA_REC_20190508-roi_4,CD4 T cells,Epithelial cells,3252,3257,1.6861111111111111,1,1
232,5,2,0.5,0.0,"['Epithelial cells', 'CD4 T cells', 'Myofibroblasts', 'Myofibroblasts', 'CD4 T cells']",3,0.6666666666666666,P1_TMA_REC_20190508-roi_4,CD4 T cells,Epithelial cells,3260,3290,0.8333333333333333,1,0
233,7,3,0.6666666666666666,1.0,"['Epithelial cells', 'Myofibroblasts', 'CD8 Exhausted TDT', 'CD8 Exhausted TDT', 'Myofibroblasts', 'Myofibroblasts', 'CD4 T cells']",5,0.6,P1_TMA_REC_20190508-roi_4,CD4 T cells,Epithelial cells,3274,3182,1.45,1,1
234,5,2,0.25,0.0,"['Epithelial cells', 'Cytotoxic CD8 T cells', 'Myofibroblasts', 'Myofibroblasts', 'CD4 T cells']",3,0.6666666666666666,P1_TMA_REC_20190508-roi_4,CD4 T cells,Epithelial cells,3299,3396,0.8333333333333333,1,0
235,5,0,0.0,0.0,"['Epithelial cells', 'Cytotoxic CD8 T cells', 'Endothelial cells', 'Endothelial cells', 'CD4 T cells']",3,0.0,P1_TMA_REC_20190508-roi_4,CD4 T cells,Epithelial cells,3312,3296,0.0,0,0
236,3,0,0.0,0.0,"['Epithelial cells', 'CD4 T cells', 'CD4 T cells']",1,0.0,P1_TMA_REC_20190508-roi_4,CD4 T cells,Epithelial cells,3318,3481,0.0,0,0
237,11,4,0.22857142857142856,0.2857142857142857,"['Epithelial cells', 'CD8 Trm', 'Myofibroblasts', 'Myofibroblasts', 'Myofibroblasts', 'Myofibroblasts', 'Mesenchymal cells', 'Mesenchymal cells', 'CD8 Trm', 'CD8 Trm', 'CD4 T cells']",9,0.4444444444444444,P1_TMA_REC_20190508-roi_4,CD4 T cells,Epithelial cells,3324,3305,1.2833333333333332,1,0
238,7,3,0.5,1.0,"['Epithelial cells', 'Myofibroblasts', 'Myofibroblasts', 'Myofibroblasts', 'CD8 Trm', 'CD8 Trm', 'CD4 T cells']",5,0.6,P1_TMA_REC_20190508-roi_4,CD4 T cells,Epithelial cells,3344,3423,1.8333333333333333,1,1
239,5,0,0.3333333333333333,0.6666666666666666,"['Epithelial cells', 'CD4 T cells', 'CD8 T cells', 'CD8 T cells', 'CD4 T cells']",3,0.0,P1_TMA_REC_20190508-roi_4,CD4 T cells,Epithelial cells,3351,3298,0.0,0,0
240,2,0,0.0,0.0,"['Epithelial cells', 'CD4 T cells']",0,,P1_TMA_REC_20190508-roi_4,CD4 T cells,Epithelial cells,3366,3329,0.0,0,0
241,2,0,0.0,0.0,"['Epithelial cells', 'CD4 T cells']",0,,P1_TMA_REC_20190508-roi_4,CD4 T cells,Epithelial cells,3367,3370,0.0,0,0
242,3,1,1.0,1.0,"['Epithelial cells', 'Myofibroblasts', 'CD4 T cells']",1,1.0,P1_TMA_REC_20190508-roi_4,CD4 T cells,Epithelial cells,3405,3411,1.0,1,1
243,3,1,1.0,1.0,"['Epithelial cells', 'Myofibroblasts', 'CD4 T cells']",1,1.0,P1_TMA_REC_20190508-roi_4,CD4 T cells,Epithelial cells,3417,3459,1.0,1,1
244,13,2,0.25,0.5,"['Epithelial cells', 'CD4 T cells', 'Myofibroblasts', 'Myofibroblasts', 'Mesenchymal cells', 'Mesenchymal cells', 'Mesenchymal cells', 'Mesenchymal cells', 'Mesenchymal cells', 'Mesenchymal cells', 'Mesenchymal cells', 'Mesenchymal cells', 'CD4 T cells']",11,0.18181818181818182,P1_TMA_REC_20190508-roi_4,CD4 T cells,Epithelial cells,3418,3412,0.8333333333333333,1,0
245,5,0,0.0,0.0,"['Epithelial cells', 'Cytotoxic CD8 T cells', 'Endothelial cells', 'Endothelial cells', 'CD4 T cells']",3,0.0,P1_TMA_REC_20190508-roi_4,CD4 T cells,Epithelial cells,3423,3512,0.0,0,0
246,13,2,0.16666666666666666,0.0,"['Epithelial cells', 'Mesenchymal cells', 'CD4 T cells', 'CD4 T cells', 'Mesenchymal cells', 'Mesenchymal cells', 'Myofibroblasts', 'Myofibroblasts', 'Mesenchymal cells', 'Mesenchymal cells', 'Tregs', 'Tregs', 'CD4 T cells']",11,0.18181818181818182,P1_TMA_REC_20190508-roi_4,CD4 T cells,Epithelial cells,3466,3471,0.30952380952380953,1,0
247,5,2,0.5,0.0,"['Epithelial cells', 'Endothelial cells', 'Myofibroblasts', 'Myofibroblasts', 'CD4 T cells']",3,0.6666666666666666,P1_TMA_REC_20190508-roi_4,CD4 T cells,Epithelial cells,3479,3483,0.8333333333333333,1,0
248,5,0,0.0,0.0,"['Epithelial cells', 'Mesenchymal cells', 'Endothelial cells', 'Endothelial cells', 'CD4 T cells']",3,0.0,P1_TMA_REC_20190508-roi_4,CD4 T cells,Epithelial cells,3495,3539,0.0,0,0
249,7,2,0.3333333333333333,0.5,"['Epithelial cells', 'CD8 T cells', 'T cells DP', 'T cells DP', 'Myofibroblasts', 'Myofibroblasts', 'CD4 T cells']",5,0.4,P1_TMA_REC_20190508-roi_4,CD4 T cells,Epithelial cells,3509,3505,0.45,1,0
250,3,0,0.0,0.0,"['Epithelial cells', 'Unassigned', 'CD4 T cells']",1,0.0,P1_TMA_REC_20190508-roi_4,CD4 T cells,Epithelial cells,3521,3488,0.0,0,0
251,7,0,0.16666666666666666,0.0,"['Epithelial cells', 'CD4 T cells', 'Unassigned', 'Unassigned', 'Cytotoxic CD8 T cells', 'Cytotoxic CD8 T cells', 'CD4 T cells']",5,0.0,P1_TMA_REC_20190508-roi_4,CD4 T cells,Epithelial cells,3532,3515,0.0,0,0
252,7,2,0.3333333333333333,0.0,"['Epithelial cells', 'CD57+ CD4 T cells', 'Myofibroblasts', 'Myofibroblasts', 'Endothelial cells', 'Endothelial cells', 'CD4 T cells']",5,0.4,P1_TMA_REC_20190508-roi_4,CD4 T cells,Epithelial cells,3540,3530,0.8333333333333333,1,0
253,5,0,0.0,0.0,"['Epithelial cells', 'CD8 T cells', 'Endothelial cells', 'Endothelial cells', 'CD4 T cells']",3,0.0,P1_TMA_REC_20190508-roi_4,CD4 T cells,Epithelial cells,3571,3642,0.0,0,0
254,5,3,1.0,1.0,"['Epithelial cells', 'Myofibroblasts', 'Myofibroblasts', 'Myofibroblasts', 'CD4 T cells']",3,1.0,P1_TMA_REC_20190508-roi_4,CD4 T cells,Epithelial cells,3652,3614,1.8333333333333333,1,1
255,5,2,0.5,0.0,"['Epithelial cells', 'Mesenchymal cells', 'Myofibroblasts', 'Myofibroblasts', 'CD4 T cells']",3,0.6666666666666666,P1_TMA_REC_20190508-roi_4,CD4 T cells,Epithelial cells,3685,3734,0.8333333333333333,1,0
256,5,0,0.0,0.0,"['Epithelial cells', 'CD8 Trm', 'Endothelial cells', 'Endothelial cells', 'CD4 T cells']",3,0.0,P1_TMA_REC_20190508-roi_4,CD4 T cells,Epithelial cells,3690,3668,0.0,0,0
257,2,0,0.0,0.0,"['Epithelial cells', 'CD4 T cells']",0,,P1_TMA_REC_20190508-roi_4,CD4 T cells,Epithelial cells,3710,3724,0.0,0,0
258,2,0,0.0,0.0,"['Epithelial cells', 'CD4 T cells']",0,,P1_TMA_REC_20190508-roi_4,CD4 T cells,Epithelial cells,3711,3748,0.0,0,0
259,3,0,0.0,0.0,"['Epithelial cells', 'CD8 T cells', 'CD4 T cells']",1,0.0,P1_TMA_REC_20190508-roi_4,CD4 T cells,Epithelial cells,3722,3767,0.0,0,0
260,3,0,0.0,0.0,"['Epithelial cells', 'CD8 T cells', 'CD4 T cells']",1,0.0,P1_TMA_REC_20190508-roi_4,CD4 T cells,Epithelial cells,3732,3777,0.0,0,0
261,5,0,0.0,0.0,"['Epithelial cells', 'CD8 T cells', 'Mesenchymal cells', 'Mesenchymal cells', 'CD4 T cells']",3,0.0,P1_TMA_REC_20190508-roi_4,CD4 T cells,Epithelial cells,3769,3710,0.0,0,0
262,2,0,0.0,0.0,"['Epithelial cells', 'CD4 T cells']",0,,P1_TMA_REC_20190508-roi_4,CD4 T cells,Epithelial cells,3790,3823,0.0,0,0
263,3,0,0.0,0.0,"['Epithelial cells', 'Mesenchymal cells', 'CD4 T cells']",1,0.0,P1_TMA_REC_20190508-roi_4,CD4 T cells,Epithelial cells,3848,3871,0.0,0,0
264,3,0,0.0,0.0,"['Epithelial cells', 'CD4 T cells', 'CD4 T cells']",1,0.0,P1_TMA_REC_20190508-roi_4,CD4 T cells,Epithelial cells,3871,3833,0.0,0,0
265,3,0,0.0,0.0,"['Epithelial cells', 'Mesenchymal cells', 'CD4 T cells']",1,0.0,P1_TMA_REC_20190508-roi_4,CD4 T cells,Epithelial cells,3894,3888,0.0,0,0
266,11,3,0.6,1.0,"['Epithelial cells', 'Myofibroblasts', 'Endothelial cells', 'Endothelial cells', 'Endothelial cells', 'Endothelial cells', 'Myofibroblasts', 'Myofibroblasts', 'Mesenchymal cells', 'Mesenchymal cells', 'CD4 T cells']",9,0.3333333333333333,P1_TMA_REC_20190508-roi_4,CD4 T cells,Epithelial cells,3895,3900,1.3095238095238095,1,1
267,9,5,0.75,1.0,"['Epithelial cells', 'Myofibroblasts', 'CD4 T cells', 'CD4 T cells', 'Myofibroblasts', 'Myofibroblasts', 'Myofibroblasts', 'Myofibroblasts', 'CD4 T cells']",7,0.7142857142857143,P1_TMA_REC_20190508-roi_4,CD4 T cells,Epithelial cells,3899,3943,1.7595238095238095,1,1
268,7,1,0.3333333333333333,0.6666666666666666,"['Epithelial cells', 'Myofibroblasts', 'CD8 Trm', 'CD8 Trm', 'Naive CD4 T cells', 'Naive CD4 T cells', 'CD4 T cells']",5,0.2,P1_TMA_REC_20190508-roi_4,CD4 T cells,Epithelial cells,3902,3830,1.0,1,1
269,3,1,1.0,1.0,"['Epithelial cells', 'Myofibroblasts', 'CD4 T cells']",1,1.0,P1_TMA_REC_20190508-roi_4,CD4 T cells,Epithelial cells,3913,3917,1.0,1,1
270,3,1,1.0,1.0,"['Epithelial cells', 'Myofibroblasts', 'CD4 T cells']",1,1.0,P1_TMA_REC_20190508-roi_4,CD4 T cells,Epithelial cells,3945,3963,1.0,1,1
271,3,0,0.0,0.0,"['Epithelial cells', 'CD8 T cells', 'CD4 T cells']",1,0.0,P1_TMA_REC_20190508-roi_4,CD4 T cells,Epithelial cells,3946,3909,0.0,0,0
272,7,0,0.0,0.0,"['Epithelial cells', 'Endothelial cells', 'T cells DP', 'T cells DP', 'Endothelial cells', 'Endothelial cells', 'CD4 T cells']",5,0.0,P1_TMA_REC_20190508-roi_4,CD4 T cells,Epithelial cells,3963,3956,0.0,0,0
273,2,0,0.0,0.0,"['Epithelial cells', 'CD4 T cells']",0,,P1_TMA_REC_20190508-roi_4,CD4 T cells,Epithelial cells,3995,3961,0.0,0,0
274,7,1,0.3333333333333333,1.0,"['Epithelial cells', 'Myofibroblasts', 'Mesenchymal cells', 'Mesenchymal cells', 'CD8 Trm', 'CD8 Trm', 'CD4 T cells']",5,0.2,P1_TMA_REC_20190508-roi_4,CD4 T cells,Epithelial cells,4063,4041,1.0,1,1
275,2,0,0.0,0.0,"['Epithelial cells', 'CD4 T cells']",0,,P1_TMA_REC_20190508-roi_4,CD4 T cells,Epithelial cells,4106,4145,0.0,0,0
276,5,1,0.5,1.0,"['Epithelial cells', 'Myofibroblasts', 'Mesenchymal cells', 'Mesenchymal cells', 'CD4 T cells']",3,0.3333333333333333,P1_TMA_REC_20190508-roi_4,CD4 T cells,Epithelial cells,4137,4182,1.0,1,1
277,2,0,0.0,0.0,"['Epithelial cells', 'CD4 T cells']",0,,P1_TMA_REC_20190508-roi_4,CD4 T cells,Epithelial cells,4144,4131,0.0,0,0
278,3,1,0.5,0.5,"['Epithelial cells', 'Myofibroblasts', 'CD4 T cells']",1,1.0,P1_TMA_REC_20190508-roi_4,CD4 T cells,Epithelial cells,4186,4197,1.0,1,1
279,3,1,1.0,1.0,"['Epithelial cells', 'Myofibroblasts', 'CD4 T cells']",1,1.0,P1_TMA_REC_20190508-roi_4,CD4 T cells,Epithelial cells,4309,4303,1.0,1,1
280,11,1,0.2,1.0,"['Epithelial cells', 'Myofibroblasts', 'CD4 T cells', 'CD4 T cells', 'Endothelial cells', 'Endothelial cells', 'Mesenchymal cells', 'Mesenchymal cells', 'Mesenchymal cells', 'Mesenchymal cells', 'CD4 T cells']",9,0.1111111111111111,P1_TMA_REC_20190508-roi_4,CD4 T cells,Epithelial cells,4318,4227,1.0,1,1
281,9,4,0.4166666666666667,0.0,"['Epithelial cells', 'Mesenchymal cells', 'Myofibroblasts', 'Myofibroblasts', 'Tregs', 'Tregs', 'Myofibroblasts', 'Myofibroblasts', 'CD4 T cells']",7,0.5714285714285714,P1_TMA_REC_20190508-roi_4,CD4 T cells,Epithelial cells,4393,4378,1.1428571428571428,1,0
282,5,0,0.0,0.0,"['Epithelial cells', 'Cytotoxic CD8 T cells', 'Endothelial cells', 'Endothelial cells', 'CD4 T cells']",3,0.0,P1_TMA_REC_20190508-roi_4,CD4 T cells,Epithelial cells,4401,4391,0.0,0,0
283,5,0,0.0,0.0,"['Epithelial cells', 'Mesenchymal cells', 'Mesenchymal cells', 'Mesenchymal cells', 'CD4 T cells']",3,0.0,P1_TMA_REC_20190508-roi_4,CD4 T cells,Epithelial cells,4434,4528,0.0,0,0
284,2,0,0.0,0.0,"['Epithelial cells', 'CD4 T cells']",0,,P1_TMA_REC_20190508-roi_4,CD4 T cells,Epithelial cells,4454,4444,0.0,0,0
285,2,0,0.0,0.0,"['Epithelial cells', 'CD4 T cells']",0,,P1_TMA_REC_20190508-roi_4,CD4 T cells,Epithelial cells,4490,4505,0.0,0,0
286,5,1,0.5,1.0,"['Epithelial cells', 'Myofibroblasts', 'Mesenchymal cells', 'Mesenchymal cells', 'CD4 T cells']",3,0.3333333333333333,P1_TMA_REC_20190508-roi_4,CD4 T cells,Epithelial cells,4491,4406,1.0,1,1
287,5,3,1.0,1.0,"['Epithelial cells', 'Myofibroblasts', 'Myofibroblasts', 'Myofibroblasts', 'CD4 T cells']",3,1.0,P1_TMA_REC_20190508-roi_4,CD4 T cells,Epithelial cells,4497,4510,1.8333333333333333,1,1
288,5,1,0.5,1.0,"['Epithelial cells', 'Myofibroblasts', 'Endothelial cells', 'Endothelial cells', 'CD4 T cells']",3,0.3333333333333333,P1_TMA_REC_20190508-roi_4,CD4 T cells,Epithelial cells,4600,4581,1.0,1,1
289,3,0,0.0,0.0,"['Epithelial cells', 'Mesenchymal cells', 'CD4 T cells']",1,0.0,P1_TMA_REC_20190508-roi_4,CD4 T cells,Epithelial cells,4610,4606,0.0,0,0
290,2,0,0.0,0.0,"['Epithelial cells', 'CD4 T cells']",0,,P1_TMA_REC_20190508-roi_4,CD4 T cells,Epithelial cells,4630,4616,0.0,0,0
291,2,0,0.0,0.0,"['Epithelial cells', 'CD4 T cells']",0,,P1_TMA_REC_20190508-roi_4,CD4 T cells,Epithelial cells,4631,4637,0.0,0,0
292,3,0,0.0,0.0,"['Epithelial cells', 'CD4 T cells', 'CD4 T cells']",1,0.0,P1_TMA_REC_20190508-roi_4,CD4 T cells,Epithelial cells,4649,4661,0.0,0,0
293,9,1,0.25,1.0,"['Epithelial cells', 'Myofibroblasts', 'CD8 T cells', 'CD8 T cells', 'Mesenchymal cells', 'Mesenchymal cells', 'Unassigned', 'Unassigned', 'CD4 T cells']",7,0.14285714285714285,P1_TMA_REC_20190508-roi_4,CD4 T cells,Epithelial cells,4653,4664,1.0,1,1
294,2,0,0.0,0.0,"['Epithelial cells', 'CD4 T cells']",0,,P1_TMA_REC_20190508-roi_4,CD4 T cells,Epithelial cells,4672,4702,0.0,0,0
295,3,0,0.0,0.0,"['Epithelial cells', 'Mesenchymal cells', 'CD4 T cells']",1,0.0,P1_TMA_REC_20190508-roi_4,CD4 T cells,Epithelial cells,4710,4735,0.0,0,0
296,5,2,0.5,0.0,"['Epithelial cells', 'Mesenchymal cells', 'Myofibroblasts', 'Myofibroblasts', 'CD4 T cells']",3,0.6666666666666666,P1_TMA_REC_20190508-roi_4,CD4 T cells,Epithelial cells,4739,4715,0.8333333333333333,1,0
297,2,0,0.0,0.0,"['Epithelial cells', 'CD4 T cells']",0,,P1_TMA_REC_20190508-roi_4,CD4 T cells,Epithelial cells,4780,4796,0.0,0,0
298,11,1,0.2,1.0,"['Epithelial cells', 'Myofibroblasts', 'Unassigned', 'Unassigned', 'Unassigned', 'Unassigned', 'CD8 T cells', 'CD8 T cells', 'Mesenchymal cells', 'Mesenchymal cells', 'CD4 T cells']",9,0.1111111111111111,P1_TMA_REC_20190508-roi_4,CD4 T cells,Epithelial cells,4803,4931,1.0,1,1
299,3,1,1.0,1.0,"['Epithelial cells', 'Myofibroblasts', 'CD4 T cells']",1,1.0,P1_TMA_REC_20190508-roi_4,CD4 T cells,Epithelial cells,4847,4819,1.0,1,1
300,5,3,1.0,1.0,"['Epithelial cells', 'Myofibroblasts', 'Myofibroblasts', 'Myofibroblasts', 'CD4 T cells']",3,1.0,P1_TMA_REC_20190508-roi_4,CD4 T cells,Epithelial cells,4848,4843,1.8333333333333333,1,1
301,2,0,0.0,0.0,"['Epithelial cells', 'CD4 T cells']",0,,P1_TMA_REC_20190508-roi_4,CD4 T cells,Epithelial cells,4869,4874,0.0,0,0
302,5,0,0.0,0.0,"['Epithelial cells', 'Mesenchymal cells', 'Mesenchymal cells', 'Mesenchymal cells', 'CD4 T cells']",3,0.0,P1_TMA_REC_20190508-roi_4,CD4 T cells,Epithelial cells,4879,4926,0.0,0,0
303,5,0,0.5,0.5,"['Epithelial cells', 'Mesenchymal cells', 'Endothelial cells', 'Endothelial cells', 'CD4 T cells']",3,0.0,P1_TMA_REC_20190508-roi_4,CD4 T cells,Epithelial cells,4938,4978,0.0,0,0
304,5,0,0.0,0.0,"['Epithelial cells', 'CD4 T cells', 'Endothelial cells', 'Endothelial cells', 'CD4 T cells']",3,0.0,P1_TMA_REC_20190508-roi_4,CD4 T cells,Epithelial cells,4950,4985,0.0,0,0
305,3,0,0.0,0.0,"['Epithelial cells', 'Unassigned', 'CD4 T cells']",1,0.0,P1_TMA_REC_20190508-roi_4,CD4 T cells,Epithelial cells,4974,4977,0.0,0,0
306,2,0,0.0,0.0,"['Epithelial cells', 'CD4 T cells']",0,,P1_TMA_REC_20190508-roi_4,CD4 T cells,Epithelial cells,5004,5007,0.0,0,0
307,2,0,0.0,0.0,"['Epithelial cells', 'CD4 T cells']",0,,P1_TMA_REC_20190508-roi_4,CD4 T cells,Epithelial cells,5021,5015,0.0,0,0
308,3,0,0.0,0.0,"['Epithelial cells', 'Mesenchymal cells', 'CD4 T cells']",1,0.0,P1_TMA_REC_20190508-roi_4,CD4 T cells,Epithelial cells,5038,5066,0.0,0,0
309,2,0,0.0,0.0,"['Epithelial cells', 'CD4 T cells']",0,,P1_TMA_REC_20190508-roi_4,CD4 T cells,Epithelial cells,5051,5048,0.0,0,0
310,3,0,0.0,0.0,"['Epithelial cells', 'Endothelial cells', 'CD4 T cells']",1,0.0,P1_TMA_REC_20190508-roi_4,CD4 T cells,Epithelial cells,5099,5103,0.0,0,0
311,2,0,0.0,0.0,"['Epithelial cells', 'CD4 T cells']",0,,P1_TMA_REC_20190508-roi_4,CD4 T cells,Epithelial cells,5111,5132,0.0,0,0
312,2,0,0.0,0.0,"['Epithelial cells', 'CD4 T cells']",0,,P1_TMA_REC_20190508-roi_4,CD4 T cells,Epithelial cells,5118,5121,0.0,0,0
313,2,0,0.0,0.0,"['Epithelial cells', 'CD4 T cells']",0,,P1_TMA_REC_20190508-roi_4,CD4 T cells,Epithelial cells,5162,5206,0.0,0,0
314,5,0,0.0,0.0,"['Epithelial cells', 'Unassigned', 'CD8 T cells', 'CD8 T cells', 'CD4 T cells']",3,0.0,P1_TMA_REC_20190508-roi_4,CD4 T cells,Epithelial cells,5179,5205,0.0,0,0
315,3,0,0.0,0.0,"['Epithelial cells', 'Endothelial cells', 'CD4 T cells']",1,0.0,P1_TMA_REC_20190508-roi_4,CD4 T cells,Epithelial cells,5220,5280,0.0,0,0
316,5,2,0.5,0.5,"['Epithelial cells', 'Unassigned', 'Myofibroblasts', 'Myofibroblasts', 'CD4 T cells']",3,0.6666666666666666,P1_TMA_REC_20190508-roi_4,CD4 T cells,Epithelial cells,5229,5177,0.8333333333333333,1,0
317,5,2,0.5,0.0,"['Epithelial cells', 'CD8 Trm', 'Myofibroblasts', 'Myofibroblasts', 'CD4 T cells']",3,0.6666666666666666,P1_TMA_REC_20190508-roi_4,CD4 T cells,Epithelial cells,5274,5202,0.8333333333333333,1,0
318,3,0,0.0,0.0,"['Epithelial cells', 'Mesenchymal cells', 'CD4 T cells']",1,0.0,P1_TMA_REC_20190508-roi_4,CD4 T cells,Epithelial cells,5277,5287,0.0,0,0
319,2,0,0.0,0.0,"['Epithelial cells', 'CD4 T cells']",0,,P1_TMA_REC_20190508-roi_4,CD4 T cells,Epithelial cells,5299,5324,0.0,0,0
320,3,1,1.0,1.0,"['Epithelial cells', 'Myofibroblasts', 'CD4 T cells']",1,1.0,P1_TMA_REC_20190508-roi_4,CD4 T cells,Epithelial cells,5360,5364,1.0,1,1
321,5,0,0.16666666666666666,0.0,"['Epithelial cells', 'Unassigned', 'Mesenchymal cells', 'Mesenchymal cells', 'CD4 T cells']",3,0.0,P1_TMA_REC_20190508-roi_4,CD4 T cells,Epithelial cells,5500,5448,0.0,0,0
322,3,1,0.6666666666666666,0.6666666666666666,"['Epithelial cells', 'Myofibroblasts', 'CD4 T cells']",1,1.0,P1_TMA_REC_20190508-roi_4,CD4 T cells,Epithelial cells,5547,5519,1.0,1,1
323,3,0,0.0,0.0,"['Epithelial cells', 'Endothelial cells', 'CD4 T cells']",1,0.0,P1_TMA_REC_20190508-roi_4,CD4 T cells,Epithelial cells,5571,5567,0.0,0,0
324,5,0,0.0,0.0,"['Epithelial cells', 'Endothelial cells', 'Endothelial cells', 'Endothelial cells', 'CD4 T cells']",3,0.0,P1_TMA_REC_20190508-roi_4,CD4 T cells,Epithelial cells,5616,5600,0.0,0,0
325,3,1,1.0,1.0,"['Epithelial cells', 'Myofibroblasts', 'CD4 T cells']",1,1.0,P1_TMA_REC_20190508-roi_4,CD4 T cells,Epithelial cells,5660,5688,1.0,1,1
326,2,0,0.0,0.0,"['Epithelial cells', 'CD4 T cells']",0,,P1_TMA_REC_20190508-roi_4,CD4 T cells,Epithelial cells,5662,5643,0.0,0,0
327,2,0,0.0,0.0,"['Epithelial cells', 'CD4 T cells']",0,,P1_TMA_REC_20190508-roi_4,CD4 T cells,Epithelial cells,5729,5802,0.0,0,0
328,2,0,0.0,0.0,"['Epithelial cells', 'CD4 T cells']",0,,P1_TMA_REC_20190508-roi_4,CD4 T cells,Epithelial cells,5775,5804,0.0,0,0
329,5,0,0.0,0.0,"['Epithelial cells', 'Mesenchymal cells', 'CD8 T cells', 'CD8 T cells', 'CD4 T cells']",3,0.0,P1_TMA_REC_20190508-roi_4,CD4 T cells,Epithelial cells,5795,5734,0.0,0,0
330,7,0,0.16666666666666666,0.0,"['Epithelial cells', 'Endothelial cells', 'CD8 T cells', 'CD8 T cells', 'Endothelial cells', 'Endothelial cells', 'CD4 T cells']",5,0.0,P1_TMA_REC_20190508-roi_4,CD4 T cells,Epithelial cells,5798,5775,0.0,0,0
331,2,0,0.0,0.0,"['Epithelial cells', 'CD4 T cells']",0,,P1_TMA_REC_20190508-roi_4,CD4 T cells,Epithelial cells,5849,5879,0.0,0,0
332,2,0,0.0,0.0,"['Epithelial cells', 'CD4 T cells']",0,,P1_TMA_REC_20190508-roi_4,CD4 T cells,Epithelial cells,5860,5839,0.0,0,0
333,2,0,0.0,0.0,"['Epithelial cells', 'CD4 T cells']",0,,P1_TMA_REC_20190508-roi_4,CD4 T cells,Epithelial cells,5910,5912,0.0,0,0
334,2,0,0.0,0.0,"['Epithelial cells', 'CD4 T cells']",0,,P1_TMA_REC_20190508-roi_4,CD4 T cells,Epithelial cells,5926,5868,0.0,0,0
335,2,0,0.0,0.0,"['Epithelial cells', 'CD4 T cells']",0,,P1_TMA_REC_20190508-roi_4,CD4 T cells,Epithelial cells,5935,5975,0.0,0,0
336,2,0,0.0,0.0,"['Epithelial cells', 'CD4 T cells']",0,,P1_TMA_REC_20190508-roi_4,CD4 T cells,Epithelial cells,5941,5883,0.0,0,0
337,2,0,0.0,0.0,"['Epithelial cells', 'CD4 T cells']",0,,P1_TMA_REC_20190508-roi_4,CD4 T cells,Epithelial cells,5950,5951,0.0,0,0
338,2,0,0.0,0.0,"['Epithelial cells', 'CD4 T cells']",0,,P1_TMA_REC_20190508-roi_4,CD4 T cells,Epithelial cells,5951,5955,0.0,0,0
339,2,0,0.0,0.0,"['Epithelial cells', 'CD4 T cells']",0,,P1_TMA_REC_20190508-roi_4,CD4 T cells,Epithelial cells,5981,5948,0.0,0,0
340,2,0,0.0,0.0,"['Epithelial cells', 'CD4 T cells']",0,,P1_TMA_REC_20190508-roi_4,CD4 T cells,Epithelial cells,5989,6024,0.0,0,0
341,2,0,0.0,0.0,"['Epithelial cells', 'CD4 T cells']",0,,P1_TMA_REC_20190508-roi_4,CD4 T cells,Epithelial cells,5998,5979,0.0,0,0
342,2,0,0.0,0.0,"['Epithelial cells', 'CD4 T cells']",0,,P1_TMA_REC_20190508-roi_4,CD4 T cells,Epithelial cells,6014,6042,0.0,0,0
343,5,0,0.0,0.0,"['Epithelial cells', 'CD57+ CD4 T cells', 'Mesenchymal cells', 'Mesenchymal cells', 'CD4 T cells']",3,0.0,P1_TMA_REC_20190508-roi_4,CD4 T cells,Epithelial cells,6053,6217,0.0,0,0
344,2,0,0.0,0.0,"['Epithelial cells', 'CD4 T cells']",0,,P1_TMA_REC_20190508-roi_4,CD4 T cells,Epithelial cells,6067,6083,0.0,0,0
345,2,0,0.0,0.0,"['Epithelial cells', 'CD4 T cells']",0,,P1_TMA_REC_20190508-roi_4,CD4 T cells,Epithelial cells,6086,6114,0.0,0,0
346,2,0,0.0,0.0,"['Epithelial cells', 'CD4 T cells']",0,,P1_TMA_REC_20190508-roi_4,CD4 T cells,Epithelial cells,6106,6127,0.0,0,0
347,5,2,0.5,0.0,"['Epithelial cells', 'Endothelial cells', 'Myofibroblasts', 'Myofibroblasts', 'CD4 T cells']",3,0.6666666666666666,P1_TMA_REC_20190508-roi_4,CD4 T cells,Epithelial cells,6156,6181,0.8333333333333333,1,0
348,2,0,0.0,0.0,"['Epithelial cells', 'CD4 T cells']",0,,P1_TMA_REC_20190508-roi_4,CD4 T cells,Epithelial cells,6183,6169,0.0,0,0
349,3,0,0.3333333333333333,0.3333333333333333,"['Epithelial cells', 'Endothelial cells', 'CD4 T cells']",1,0.0,P1_TMA_REC_20190508-roi_4,CD4 T cells,Epithelial cells,6236,6200,0.0,0,0
350,2,0,0.0,0.0,"['Epithelial cells', 'CD4 T cells']",0,,P1_TMA_REC_20190508-roi_4,CD4 T cells,Epithelial cells,6239,6192,0.0,0,0
351,3,0,0.0,0.0,"['Epithelial cells', 'CD4 T cells', 'CD4 T cells']",1,0.0,P1_TMA_REC_20190508-roi_4,CD4 T cells,Epithelial cells,6253,6201,0.0,0,0
352,3,1,1.0,1.0,"['Epithelial cells', 'Myofibroblasts', 'CD4 T cells']",1,1.0,P1_TMA_REC_20190508-roi_4,CD4 T cells,Epithelial cells,6261,6262,1.0,1,1
353,2,0,0.0,0.0,"['Epithelial cells', 'CD4 T cells']",0,,P1_TMA_REC_20190508-roi_4,CD4 T cells,Epithelial cells,6274,6323,0.0,0,0
354,2,0,0.0,0.0,"['Epithelial cells', 'CD4 T cells']",0,,P1_TMA_REC_20190508-roi_4,CD4 T cells,Epithelial cells,6301,6287,0.0,0,0
355,2,0,0.0,0.0,"['Epithelial cells', 'CD4 T cells']",0,,P1_TMA_REC_20190508-roi_4,CD4 T cells,Epithelial cells,6352,6380,0.0,0,0
356,3,0,0.0,0.0,"['Epithelial cells', 'CD8 T cells', 'CD4 T cells']",1,0.0,P1_TMA_REC_20190508-roi_4,CD4 T cells,Epithelial cells,6359,6360,0.0,0,0
357,5,0,0.2,0.4,"['Epithelial cells', 'Endothelial cells', 'Mesenchymal cells', 'Mesenchymal cells', 'CD4 T cells']",3,0.0,P1_TMA_REC_20190508-roi_4,CD4 T cells,Epithelial cells,6387,6442,0.0,0,0
358,2,0,0.0,0.0,"['Epithelial cells', 'CD4 T cells']",0,,P1_TMA_REC_20190508-roi_4,CD4 T cells,Epithelial cells,6389,6404,0.0,0,0
359,3,1,0.25,0.25,"['Epithelial cells', 'Myofibroblasts', 'CD4 T cells']",1,1.0,P1_TMA_REC_20190508-roi_4,CD4 T cells,Epithelial cells,6413,6458,1.0,1,1
360,2,0,0.0,0.0,"['Epithelial cells', 'CD4 T cells']",0,,P1_TMA_REC_20190508-roi_4,CD4 T cells,Epithelial cells,6419,6462,0.0,0,0
361,3,0,0.0,0.0,"['Epithelial cells', 'Unassigned', 'CD4 T cells']",1,0.0,P1_TMA_REC_20190508-roi_4,CD4 T cells,Epithelial cells,6472,6526,0.0,0,0
362,2,0,0.0,0.0,"['Epithelial cells', 'CD4 T cells']",0,,P1_TMA_REC_20190508-roi_4,CD4 T cells,Epithelial cells,6474,6635,0.0,0,0
363,3,0,0.0,0.0,"['Epithelial cells', 'CD8 T cells', 'CD4 T cells']",1,0.0,P1_TMA_REC_20190508-roi_4,CD4 T cells,Epithelial cells,6488,6453,0.0,0,0
364,2,0,0.0,0.0,"['Epithelial cells', 'CD4 T cells']",0,,P1_TMA_REC_20190508-roi_4,CD4 T cells,Epithelial cells,6501,6501,0.0,0,0
365,3,0,0.0,0.0,"['Epithelial cells', 'Endothelial cells', 'CD4 T cells']",1,0.0,P1_TMA_REC_20190508-roi_4,CD4 T cells,Epithelial cells,6503,6460,0.0,0,0
366,3,0,0.0,0.0,"['Epithelial cells', 'Endothelial cells', 'CD4 T cells']",1,0.0,P1_TMA_REC_20190508-roi_4,CD4 T cells,Epithelial cells,6516,6583,0.0,0,0
367,3,0,0.0,0.0,"['Epithelial cells', 'CD4+ Myeloid cells', 'CD4 T cells']",1,0.0,P1_TMA_REC_20190508-roi_4,CD4 T cells,Epithelial cells,6543,6483,0.0,0,0
368,3,0,0.0,0.0,"['Epithelial cells', 'Mesenchymal cells', 'CD4 T cells']",1,0.0,P1_TMA_REC_20190508-roi_4,CD4 T cells,Epithelial cells,6545,6696,0.0,0,0
369,3,0,0.0,0.0,"['Epithelial cells', 'Mesenchymal cells', 'CD4 T cells']",1,0.0,P1_TMA_REC_20190508-roi_4,CD4 T cells,Epithelial cells,6551,6595,0.0,0,0
370,2,0,0.0,0.0,"['Epithelial cells', 'CD4 T cells']",0,,P1_TMA_REC_20190508-roi_4,CD4 T cells,Epithelial cells,6559,6437,0.0,0,0
371,2,0,0.0,0.0,"['Epithelial cells', 'CD4 T cells']",0,,P1_TMA_REC_20190508-roi_4,CD4 T cells,Epithelial cells,6588,6559,0.0,0,0
372,2,0,0.0,0.0,"['Epithelial cells', 'CD4 T cells']",0,,P1_TMA_REC_20190508-roi_4,CD4 T cells,Epithelial cells,6596,6638,0.0,0,0
373,2,0,0.0,0.0,"['Epithelial cells', 'CD4 T cells']",0,,P1_TMA_REC_20190508-roi_4,CD4 T cells,Epithelial cells,6617,6632,0.0,0,0
374,2,0,0.0,0.0,"['Epithelial cells', 'CD4 T cells']",0,,P1_TMA_REC_20190508-roi_4,CD4 T cells,Epithelial cells,6653,6607,0.0,0,0
375,2,0,0.0,0.0,"['Epithelial cells', 'CD4 T cells']",0,,P1_TMA_REC_20190508-roi_4,CD4 T cells,Epithelial cells,6659,6680,0.0,0,0
376,3,0,0.0,0.0,"['Epithelial cells', 'Unassigned', 'CD4 T cells']",1,0.0,P1_TMA_REC_20190508-roi_4,CD4 T cells,Epithelial cells,6660,6601,0.0,0,0
377,3,0,0.0,0.0,"['Epithelial cells', 'Unassigned', 'CD4 T cells']",1,0.0,P1_TMA_REC_20190508-roi_4,CD4 T cells,Epithelial cells,6661,6614,0.0,0,0
378,2,0,0.0,0.0,"['Epithelial cells', 'CD4 T cells']",0,,P1_TMA_REC_20190508-roi_4,CD4 T cells,Epithelial cells,6663,6683,0.0,0,0
379,3,0,0.0,0.0,"['Epithelial cells', 'Cytotoxic CD4 T cells', 'CD4 T cells']",1,0.0,P1_TMA_REC_20190508-roi_4,CD4 T cells,Epithelial cells,6670,6549,0.0,0,0
380,2,0,0.0,0.0,"['Epithelial cells', 'CD4 T cells']",0,,P1_TMA_REC_20190508-roi_4,CD4 T cells,Epithelial cells,6698,6700,0.0,0,0
381,7,2,0.2222222222222222,0.3333333333333333,"['Epithelial cells', 'Endothelial cells', 'Myofibroblasts', 'Myofibroblasts', 'Mesenchymal cells', 'Mesenchymal cells', 'CD4 T cells']",5,0.4,P1_TMA_REC_20190508-roi_4,CD4 T cells,Epithelial cells,6736,6708,0.8333333333333333,1,0
382,2,0,0.0,0.0,"['Epithelial cells', 'CD4 T cells']",0,,P1_TMA_REC_20190508-roi_4,CD4 T cells,Epithelial cells,6741,6714,0.0,0,0
383,2,0,0.0,0.0,"['Epithelial cells', 'CD4 T cells']",0,,P1_TMA_REC_20190508-roi_4,CD4 T cells,Epithelial cells,6744,6837,0.0,0,0
384,2,0,0.0,0.0,"['Epithelial cells', 'CD4 T cells']",0,,P1_TMA_REC_20190508-roi_4,CD4 T cells,Epithelial cells,6767,6765,0.0,0,0
385,3,0,0.0,0.0,"['Epithelial cells', 'Endothelial cells', 'CD4 T cells']",1,0.0,P1_TMA_REC_20190508-roi_4,CD4 T cells,Epithelial cells,6783,6780,0.0,0,0
386,2,0,0.0,0.0,"['Epithelial cells', 'CD4 T cells']",0,,P1_TMA_REC_20190508-roi_4,CD4 T cells,Epithelial cells,6794,6764,0.0,0,0
387,2,0,0.0,0.0,"['Epithelial cells', 'CD4 T cells']",0,,P1_TMA_REC_20190508-roi_4,CD4 T cells,Epithelial cells,6804,6825,0.0,0,0
388,2,0,0.0,0.0,"['Epithelial cells', 'CD4 T cells']",0,,P1_TMA_REC_20190508-roi_4,CD4 T cells,Epithelial cells,6857,6934,0.0,0,0
389,2,0,0.0,0.0,"['Epithelial cells', 'CD4 T cells']",0,,P1_TMA_REC_20190508-roi_4,CD4 T cells,Epithelial cells,6882,6913,0.0,0,0
390,2,0,0.0,0.0,"['Epithelial cells', 'CD4 T cells']",0,,P1_TMA_REC_20190508-roi_4,CD4 T cells,Epithelial cells,6885,6898,0.0,0,0
391,3,0,0.0,0.0,"['Epithelial cells', 'Mesenchymal cells', 'CD4 T cells']",1,0.0,P1_TMA_REC_20190508-roi_4,CD4 T cells,Epithelial cells,6889,6902,0.0,0,0
392,3,0,0.0,0.0,"['Epithelial cells', 'Mesenchymal cells', 'CD4 T cells']",1,0.0,P1_TMA_REC_20190508-roi_4,CD4 T cells,Epithelial cells,6904,6932,0.0,0,0
393,3,0,0.0,0.0,"['Epithelial cells', 'Cytotoxic CD8 T cells', 'CD4 T cells']",1,0.0,P1_TMA_REC_20190508-roi_4,CD4 T cells,Epithelial cells,6934,6992,0.0,0,0
394,5,2,0.75,0.5,"['Epithelial cells', 'Endothelial cells', 'Myofibroblasts', 'Myofibroblasts', 'CD4 T cells']",3,0.6666666666666666,P1_TMA_REC_20190508-roi_4,CD4 T cells,Epithelial cells,6941,6829,0.8333333333333333,1,0
395,2,0,0.0,0.0,"['Epithelial cells', 'CD4 T cells']",0,,P1_TMA_REC_20190508-roi_4,CD4 T cells,Epithelial cells,6957,7032,0.0,0,0
396,3,0,0.0,0.0,"['Epithelial cells', 'Cytotoxic CD8 T cells', 'CD4 T cells']",1,0.0,P1_TMA_REC_20190508-roi_4,CD4 T cells,Epithelial cells,6959,6949,0.0,0,0
397,2,0,0.0,0.0,"['Epithelial cells', 'CD4 T cells']",0,,P1_TMA_REC_20190508-roi_4,CD4 T cells,Epithelial cells,6976,6938,0.0,0,0
398,2,0,0.0,0.0,"['Epithelial cells', 'CD4 T cells']",0,,P1_TMA_REC_20190508-roi_4,CD4 T cells,Epithelial cells,6977,7012,0.0,0,0
399,5,1,0.5,0.4,"['Epithelial cells', 'Myofibroblasts', 'CD4 T cells', 'CD4 T cells', 'CD4 T cells']",3,0.3333333333333333,P1_TMA_REC_20190508-roi_4,CD4 T cells,Epithelial cells,6978,6908,1.0,1,1
400,3,1,1.0,1.0,"['Epithelial cells', 'Myofibroblasts', 'CD4 T cells']",1,1.0,P1_TMA_REC_20190508-roi_4,CD4 T cells,Epithelial cells,7015,6983,1.0,1,1
401,2,0,0.0,0.0,"['Epithelial cells', 'CD4 T cells']",0,,P1_TMA_REC_20190508-roi_4,CD4 T cells,Epithelial cells,7020,7031,0.0,0,0
402,3,0,0.0,0.0,"['Epithelial cells', 'Mesenchymal cells', 'CD4 T cells']",1,0.0,P1_TMA_REC_20190508-roi_4,CD4 T cells,Epithelial cells,7052,7110,0.0,0,0
403,3,1,0.6,0.6,"['Epithelial cells', 'Myofibroblasts', 'CD4 T cells']",1,1.0,P1_TMA_REC_20190508-roi_4,CD4 T cells,Epithelial cells,7083,7145,1.0,1,1
404,5,2,0.5,0.0,"['Epithelial cells', 'CD4 T cells', 'Myofibroblasts', 'Myofibroblasts', 'CD4 T cells']",3,0.6666666666666666,P1_TMA_REC_20190508-roi_4,CD4 T cells,Epithelial cells,7087,7043,0.8333333333333333,1,0
405,2,0,0.0,0.0,"['Epithelial cells', 'CD4 T cells']",0,,P1_TMA_REC_20190508-roi_4,CD4 T cells,Epithelial cells,7088,7104,0.0,0,0
406,2,0,0.0,0.0,"['Epithelial cells', 'CD4 T cells']",0,,P1_TMA_REC_20190508-roi_4,CD4 T cells,Epithelial cells,7098,7077,0.0,0,0
407,2,0,0.0,0.0,"['Epithelial cells', 'CD4 T cells']",0,,P1_TMA_REC_20190508-roi_4,CD4 T cells,Epithelial cells,7102,7174,0.0,0,0
408,3,1,1.0,1.0,"['Epithelial cells', 'Myofibroblasts', 'CD4 T cells']",1,1.0,P1_TMA_REC_20190508-roi_4,CD4 T cells,Epithelial cells,7131,7152,1.0,1,1
409,2,0,0.0,0.0,"['Epithelial cells', 'CD4 T cells']",0,,P1_TMA_REC_20190508-roi_4,CD4 T cells,Epithelial cells,7133,7085,0.0,0,0
410,2,0,0.0,0.0,"['Epithelial cells', 'CD4 T cells']",0,,P1_TMA_REC_20190508-roi_4,CD4 T cells,Epithelial cells,7145,7214,0.0,0,0
411,2,0,0.0,0.0,"['Epithelial cells', 'CD4 T cells']",0,,P1_TMA_REC_20190508-roi_4,CD4 T cells,Epithelial cells,7163,7182,0.0,0,0
412,2,0,0.0,0.0,"['Epithelial cells', 'CD4 T cells']",0,,P1_TMA_REC_20190508-roi_4,CD4 T cells,Epithelial cells,7178,7188,0.0,0,0
413,2,0,0.0,0.0,"['Epithelial cells', 'CD4 T cells']",0,,P1_TMA_REC_20190508-roi_4,CD4 T cells,Epithelial cells,7183,7067,0.0,0,0
414,2,0,0.0,0.0,"['Epithelial cells', 'CD4 T cells']",0,,P1_TMA_REC_20190508-roi_4,CD4 T cells,Epithelial cells,7185,7161,0.0,0,0
415,5,2,0.5,0.0,"['Epithelial cells', 'CD8 T cells', 'Myofibroblasts', 'Myofibroblasts', 'CD4 T cells']",3,0.6666666666666666,P1_TMA_REC_20190508-roi_4,CD4 T cells,Epithelial cells,7188,7177,0.8333333333333333,1,0
416,3,0,0.6666666666666666,0.6666666666666666,"['Epithelial cells', 'Mesenchymal cells', 'CD4 T cells']",1,0.0,P1_TMA_REC_20190508-roi_4,CD4 T cells,Epithelial cells,7199,7262,0.0,0,0
417,3,0,0.0,0.0,"['Epithelial cells', 'Mesenchymal cells', 'CD4 T cells']",1,0.0,P1_TMA_REC_20190508-roi_4,CD4 T cells,Epithelial cells,7205,7165,0.0,0,0
418,2,0,0.0,0.0,"['Epithelial cells', 'CD4 T cells']",0,,P1_TMA_REC_20190508-roi_4,CD4 T cells,Epithelial cells,7213,7216,0.0,0,0
419,3,0,0.0,0.0,"['Epithelial cells', 'Mesenchymal cells', 'CD4 T cells']",1,0.0,P1_TMA_REC_20190508-roi_4,CD4 T cells,Epithelial cells,7226,7190,0.0,0,0
420,2,0,0.0,0.0,"['Epithelial cells', 'CD4 T cells']",0,,P1_TMA_REC_20190508-roi_4,CD4 T cells,Epithelial cells,7278,7234,0.0,0,0
421,2,0,0.0,0.0,"['Epithelial cells', 'CD4 T cells']",0,,P1_TMA_REC_20190508-roi_4,CD4 T cells,Epithelial cells,7316,7329,0.0,0,0
422,2,0,0.0,0.0,"['Epithelial cells', 'CD4 T cells']",0,,P1_TMA_REC_20190508-roi_4,CD4 T cells,Epithelial cells,7340,7308,0.0,0,0
423,2,0,0.0,0.0,"['Epithelial cells', 'CD4 T cells']",0,,P1_TMA_REC_20190508-roi_4,CD4 T cells,Epithelial cells,7416,7441,0.0,0,0
424,2,0,0.0,0.0,"['Epithelial cells', 'CD4 T cells']",0,,P1_TMA_REC_20190508-roi_4,CD4 T cells,Epithelial cells,7461,7597,0.0,0,0
425,3,0,0.0,0.0,"['Epithelial cells', 'Unassigned', 'CD4 T cells']",1,0.0,P1_TMA_REC_20190508-roi_4,CD4 T cells,Epithelial cells,7482,7512,0.0,0,0
426,3,0,0.0,0.0,"['Epithelial cells', 'Unassigned', 'CD4 T cells']",1,0.0,P1_TMA_REC_20190508-roi_4,CD4 T cells,Epithelial cells,7504,7563,0.0,0,0
427,5,0,0.3333333333333333,0.6666666666666666,"['Epithelial cells', 'CD4 T cells', 'Mesenchymal cells', 'Mesenchymal cells', 'CD4 T cells']",3,0.0,P1_TMA_REC_20190508-roi_4,CD4 T cells,Epithelial cells,7513,7539,0.0,0,0
428,2,0,0.0,0.0,"['Epithelial cells', 'CD4 T cells']",0,,P1_TMA_REC_20190508-roi_4,CD4 T cells,Epithelial cells,7516,7567,0.0,0,0
429,3,0,0.0,0.0,"['Epithelial cells', 'CD8 T cells', 'CD4 T cells']",1,0.0,P1_TMA_REC_20190508-roi_4,CD4 T cells,Epithelial cells,7549,7618,0.0,0,0
430,3,0,0.0,0.0,"['Epithelial cells', 'Tregs', 'CD4 T cells']",1,0.0,P1_TMA_REC_20190508-roi_4,CD4 T cells,Epithelial cells,7562,7554,0.0,0,0
431,3,1,0.5,0.5,"['Epithelial cells', 'Myofibroblasts', 'CD4 T cells']",1,1.0,P1_TMA_REC_20190508-roi_4,CD4 T cells,Epithelial cells,7576,7603,1.0,1,1
432,3,0,0.0,0.0,"['Epithelial cells', 'CD8 Trm', 'CD4 T cells']",1,0.0,P1_TMA_REC_20190508-roi_4,CD4 T cells,Epithelial cells,7586,7551,0.0,0,0
433,2,0,0.0,0.0,"['Epithelial cells', 'CD4 T cells']",0,,P1_TMA_REC_20190508-roi_4,CD4 T cells,Epithelial cells,7590,7635,0.0,0,0
434,2,0,0.0,0.0,"['Epithelial cells', 'CD4 T cells']",0,,P1_TMA_REC_20190508-roi_4,CD4 T cells,Epithelial cells,7599,7630,0.0,0,0
435,2,0,0.0,0.0,"['Epithelial cells', 'CD4 T cells']",0,,P1_TMA_REC_20190508-roi_4,CD4 T cells,Epithelial cells,7655,7687,0.0,0,0
436,3,0,0.2,0.2,"['Epithelial cells', 'CD8 T cells', 'CD4 T cells']",1,0.0,P1_TMA_REC_20190508-roi_4,CD4 T cells,Epithelial cells,7742,7809,0.0,0,0
437,5,0,0.0,0.0,"['Epithelial cells', 'Mesenchymal cells', 'CD8 Trm', 'CD8 Trm', 'CD4 T cells']",3,0.0,P1_TMA_REC_20190508-roi_4,CD4 T cells,Epithelial cells,7779,7769,0.0,0,0
438,3,1,1.0,1.0,"['Epithelial cells', 'Myofibroblasts', 'CD4 T cells']",1,1.0,P1_TMA_REC_20190508-roi_4,CD4 T cells,Epithelial cells,7787,7851,1.0,1,1
439,3,1,1.0,1.0,"['Epithelial cells', 'Myofibroblasts', 'CD4 T cells']",1,1.0,P1_TMA_REC_20190508-roi_4,CD4 T cells,Epithelial cells,7808,7791,1.0,1,1
440,3,0,0.0,0.0,"['Epithelial cells', 'Mesenchymal cells', 'CD4 T cells']",1,0.0,P1_TMA_REC_20190508-roi_4,CD4 T cells,Epithelial cells,7850,7798,0.0,0,0
441,3,0,0.0,0.0,"['Epithelial cells', 'Unassigned', 'CD4 T cells']",1,0.0,P1_TMA_REC_20190508-roi_4,CD4 T cells,Epithelial cells,7852,7838,0.0,0,0
442,3,0,0.3333333333333333,0.3333333333333333,"['Epithelial cells', 'Mesenchymal cells', 'CD4 T cells']",1,0.0,P1_TMA_REC_20190508-roi_4,CD4 T cells,Epithelial cells,7854,7867,0.0,0,0
443,5,3,1.0,1.0,"['Epithelial cells', 'Myofibroblasts', 'Myofibroblasts', 'Myofibroblasts', 'CD4 T cells']",3,1.0,P1_TMA_REC_20190508-roi_4,CD4 T cells,Epithelial cells,7866,7846,1.8333333333333333,1,1
444,5,0,0.5,0.5,"['Epithelial cells', 'CD4 T cells', 'CD8 T cells', 'CD8 T cells', 'CD4 T cells']",3,0.0,P1_TMA_REC_20190508-roi_4,CD4 T cells,Epithelial cells,7895,7855,0.0,0,0
445,2,0,0.0,0.0,"['Epithelial cells', 'CD4 T cells']",0,,P1_TMA_REC_20190508-roi_4,CD4 T cells,Epithelial cells,7898,7979,0.0,0,0
446,3,1,1.0,1.0,"['Epithelial cells', 'Myofibroblasts', 'CD4 T cells']",1,1.0,P1_TMA_REC_20190508-roi_4,CD4 T cells,Epithelial cells,7945,7933,1.0,1,1
447,3,0,0.0,0.0,"['Epithelial cells', 'Mesenchymal cells', 'CD4 T cells']",1,0.0,P1_TMA_REC_20190508-roi_4,CD4 T cells,Epithelial cells,8004,8014,0.0,0,0
448,2,0,0.0,0.0,"['Epithelial cells', 'CD4 T cells']",0,,P1_TMA_REC_20190508-roi_4,CD4 T cells,Epithelial cells,8016,8055,0.0,0,0
449,3,0,0.0,0.0,"['Epithelial cells', 'Mesenchymal cells', 'CD4 T cells']",1,0.0,P1_TMA_REC_20190508-roi_4,CD4 T cells,Epithelial cells,8040,8020,0.0,0,0
450,3,0,0.0,0.0,"['Epithelial cells', 'Mesenchymal cells', 'CD4 T cells']",1,0.0,P1_TMA_REC_20190508-roi_4,CD4 T cells,Epithelial cells,8114,8098,0.0,0,0
451,3,0,0.5,0.5,"['Epithelial cells', 'CD4 T cells', 'CD4 T cells']",1,0.0,P1_TMA_REC_20190508-roi_4,CD4 T cells,Epithelial cells,8153,8198,0.0,0,0
452,3,0,0.0,0.0,"['Epithelial cells', 'CD8 T cells', 'CD4 T cells']",1,0.0,P1_TMA_REC_20190508-roi_4,CD4 T cells,Epithelial cells,8165,8186,0.0,0,0
453,7,0,0.0,0.0,"['Epithelial cells', 'Endothelial cells', 'Mesenchymal cells', 'Mesenchymal cells', 'CD4 T cells', 'CD4 T cells', 'CD4 T cells']",5,0.0,P1_TMA_REC_20190508-roi_4,CD4 T cells,Epithelial cells,8169,8191,0.0,0,0
454,5,0,0.0,0.0,"['Epithelial cells', 'CD4 T cells', 'Mesenchymal cells', 'Mesenchymal cells', 'CD4 T cells']",3,0.0,P1_TMA_REC_20190508-roi_4,CD4 T cells,Epithelial cells,8171,8229,0.0,0,0
455,3,1,1.0,1.0,"['Epithelial cells', 'Myofibroblasts', 'CD4 T cells']",1,1.0,P1_TMA_REC_20190508-roi_4,CD4 T cells,Epithelial cells,8182,8180,1.0,1,1
456,3,0,0.0,0.0,"['Epithelial cells', 'CD4 T cells', 'CD4 T cells']",1,0.0,P1_TMA_REC_20190508-roi_4,CD4 T cells,Epithelial cells,8188,8161,0.0,0,0
457,2,0,0.0,0.0,"['Epithelial cells', 'CD4 T cells']",0,,P1_TMA_REC_20190508-roi_4,CD4 T cells,Epithelial cells,8191,8240,0.0,0,0
458,5,3,1.0,1.0,"['Epithelial cells', 'Myofibroblasts', 'Myofibroblasts', 'Myofibroblasts', 'CD4 T cells']",3,1.0,P1_TMA_REC_20190508-roi_4,CD4 T cells,Epithelial cells,8208,8219,1.8333333333333333,1,1
459,2,0,0.0,0.0,"['Epithelial cells', 'CD4 T cells']",0,,P1_TMA_REC_20190508-roi_4,CD4 T cells,Epithelial cells,8227,8257,0.0,0,0
460,5,0,0.0,0.0,"['Epithelial cells', 'Endothelial cells', 'Unassigned', 'Unassigned', 'CD4 T cells']",3,0.0,P1_TMA_REC_20190508-roi_4,CD4 T cells,Epithelial cells,8230,8249,0.0,0,0
461,3,1,1.0,1.0,"['Epithelial cells', 'Myofibroblasts', 'CD4 T cells']",1,1.0,P1_TMA_REC_20190508-roi_4,CD4 T cells,Epithelial cells,8240,8281,1.0,1,1
462,2,0,0.0,0.0,"['Epithelial cells', 'CD4 T cells']",0,,P1_TMA_REC_20190508-roi_4,CD4 T cells,Epithelial cells,8245,8245,0.0,0,0
463,3,0,0.0,0.0,"['Epithelial cells', 'Mesenchymal cells', 'CD4 T cells']",1,0.0,P1_TMA_REC_20190508-roi_4,CD4 T cells,Epithelial cells,8340,8358,0.0,0,0
464,3,0,0.0,0.0,"['Epithelial cells', 'Cytotoxic CD8 T cells', 'CD4 T cells']",1,0.0,P1_TMA_REC_20190508-roi_4,CD4 T cells,Epithelial cells,8372,8466,0.0,0,0
465,3,0,0.0,0.0,"['Epithelial cells', 'Mesenchymal cells', 'CD4 T cells']",1,0.0,P1_TMA_REC_20190508-roi_4,CD4 T cells,Epithelial cells,8455,8372,0.0,0,0
466,2,0,0.0,0.0,"['Epithelial cells', 'CD4 T cells']",0,,P1_TMA_REC_20190508-roi_4,CD4 T cells,Epithelial cells,8475,8473,0.0,0,0
467,2,0,0.0,0.0,"['Epithelial cells', 'CD4 T cells']",0,,P1_TMA_REC_20190508-roi_4,CD4 T cells,Epithelial cells,8479,8436,0.0,0,0
468,2,0,0.0,0.0,"['Epithelial cells', 'CD4 T cells']",0,,P1_TMA_REC_20190508-roi_4,CD4 T cells,Epithelial cells,8505,8681,0.0,0,0
469,3,0,0.0,0.0,"['Epithelial cells', 'Mesenchymal cells', 'CD4 T cells']",1,0.0,P1_TMA_REC_20190508-roi_4,CD4 T cells,Epithelial cells,8512,8490,0.0,0,0
470,5,3,0.5,0.25,"['Epithelial cells', 'Myofibroblasts', 'Myofibroblasts', 'Myofibroblasts', 'CD4 T cells']",3,1.0,P1_TMA_REC_20190508-roi_4,CD4 T cells,Epithelial cells,8537,8503,1.8333333333333333,1,1
471,3,0,0.0,0.0,"['Epithelial cells', 'Unassigned', 'CD4 T cells']",1,0.0,P1_TMA_REC_20190508-roi_4,CD4 T cells,Epithelial cells,8601,8623,0.0,0,0
472,2,0,0.0,0.0,"['Epithelial cells', 'CD4 T cells']",0,,P1_TMA_REC_20190508-roi_4,CD4 T cells,Epithelial cells,8626,8709,0.0,0,0
473,3,0,0.0,0.0,"['Epithelial cells', 'Endothelial cells', 'CD4 T cells']",1,0.0,P1_TMA_REC_20190508-roi_4,CD4 T cells,Epithelial cells,8642,8667,0.0,0,0
474,5,0,0.0,0.0,"['Epithelial cells', 'Mesenchymal cells', 'Mesenchymal cells', 'Mesenchymal cells', 'CD4 T cells']",3,0.0,P1_TMA_REC_20190508-roi_4,CD4 T cells,Epithelial cells,8663,8672,0.0,0,0
475,2,0,0.0,0.0,"['Epithelial cells', 'CD4 T cells']",0,,P1_TMA_REC_20190508-roi_4,CD4 T cells,Epithelial cells,8709,8693,0.0,0,0
476,3,0,0.0,0.0,"['Epithelial cells', 'Mesenchymal cells', 'CD4 T cells']",1,0.0,P1_TMA_REC_20190508-roi_4,CD4 T cells,Epithelial cells,8753,8722,0.0,0,0
477,2,0,0.0,0.0,"['Epithelial cells', 'CD4 T cells']",0,,P1_TMA_REC_20190508-roi_4,CD4 T cells,Epithelial cells,8767,8805,0.0,0,0
478,3,1,1.0,1.0,"['Epithelial cells', 'Myofibroblasts', 'CD4 T cells']",1,1.0,P1_TMA_REC_20190508-roi_4,CD4 T cells,Epithelial cells,8791,8900,1.0,1,1
479,2,0,0.0,0.0,"['Epithelial cells', 'CD4 T cells']",0,,P1_TMA_REC_20190508-roi_4,CD4 T cells,Epithelial cells,8954,8975,0.0,0,0
480,7,0,0.0,0.0,"['Epithelial cells', 'Mesenchymal cells', 'Mesenchymal cells', 'Mesenchymal cells', 'Mesenchymal cells', 'Mesenchymal cells', 'CD4 T cells']",5,0.0,P1_TMA_REC_20190508-roi_4,CD4 T cells,Epithelial cells,8956,8995,0.0,0,0
481,2,0,0.0,0.0,"['Epithelial cells', 'CD4 T cells']",0,,P1_TMA_REC_20190508-roi_4,CD4 T cells,Epithelial cells,8976,9056,0.0,0,0
482,5,0,0.16666666666666666,0.3333333333333333,"['Epithelial cells', 'Mesenchymal cells', 'CD4 T cells', 'CD4 T cells', 'CD4 T cells']",3,0.0,P1_TMA_REC_20190508-roi_4,CD4 T cells,Epithelial cells,8984,8993,0.0,0,0
483,2,0,0.0,0.0,"['Epithelial cells', 'CD4 T cells']",0,,P1_TMA_REC_20190508-roi_4,CD4 T cells,Epithelial cells,8989,9049,0.0,0,0
484,3,0,0.0,0.0,"['Epithelial cells', 'Mesenchymal cells', 'CD4 T cells']",1,0.0,P1_TMA_REC_20190508-roi_4,CD4 T cells,Epithelial cells,9000,9001,0.0,0,0
485,2,0,0.0,0.0,"['Epithelial cells', 'CD4 T cells']",0,,P1_TMA_REC_20190508-roi_4,CD4 T cells,Epithelial cells,9004,9045,0.0,0,0
486,2,0,0.0,0.0,"['Epithelial cells', 'CD4 T cells']",0,,P1_TMA_REC_20190508-roi_4,CD4 T cells,Epithelial cells,9010,9062,0.0,0,0
487,2,0,0.0,0.0,"['Epithelial cells', 'CD4 T cells']",0,,P1_TMA_REC_20190508-roi_4,CD4 T cells,Epithelial cells,9026,9042,0.0,0,0
488,2,0,0.0,0.0,"['Epithelial cells', 'CD4 T cells']",0,,P1_TMA_REC_20190508-roi_4,CD4 T cells,Epithelial cells,9040,9028,0.0,0,0
489,3,0,0.0,0.0,"['Epithelial cells', 'Mesenchymal cells', 'CD4 T cells']",1,0.0,P1_TMA_REC_20190508-roi_4,CD4 T cells,Epithelial cells,9050,9150,0.0,0,0
490,2,0,0.0,0.0,"['Epithelial cells', 'CD4 T cells']",0,,P1_TMA_REC_20190508-roi_4,CD4 T cells,Epithelial cells,9065,9124,0.0,0,0
491,2,0,0.0,0.0,"['Epithelial cells', 'CD4 T cells']",0,,P1_TMA_REC_20190508-roi_4,CD4 T cells,Epithelial cells,9122,9127,0.0,0,0
492,2,0,0.0,0.0,"['Epithelial cells', 'CD4 T cells']",0,,P1_TMA_REC_20190508-roi_4,CD4 T cells,Epithelial cells,9123,9160,0.0,0,0
493,3,0,0.0,0.0,"['Epithelial cells', 'CD8 Trm', 'CD4 T cells']",1,0.0,P1_TMA_REC_20190508-roi_4,CD4 T cells,Epithelial cells,9126,9153,0.0,0,0
494,3,0,0.0,0.0,"['Epithelial cells', 'Mesenchymal cells', 'CD4 T cells']",1,0.0,P1_TMA_REC_20190508-roi_4,CD4 T cells,Epithelial cells,9199,9215,0.0,0,0
495,2,0,0.0,0.0,"['Epithelial cells', 'CD4 T cells']",0,,P1_TMA_REC_20190508-roi_4,CD4 T cells,Epithelial cells,9201,9209,0.0,0,0
496,2,0,0.0,0.0,"['Epithelial cells', 'CD4 T cells']",0,,P1_TMA_REC_20190508-roi_4,CD4 T cells,Epithelial cells,9216,9223,0.0,0,0
497,5,2,0.5,0.0,"['Epithelial cells', 'Endothelial cells', 'Myofibroblasts', 'Myofibroblasts', 'CD4 T cells']",3,0.6666666666666666,P1_TMA_REC_20190508-roi_4,CD4 T cells,Epithelial cells,9250,9321,0.8333333333333333,1,0
498,2,0,0.0,0.0,"['Epithelial cells', 'CD4 T cells']",0,,P1_TMA_REC_20190508-roi_4,CD4 T cells,Epithelial cells,9255,9310,0.0,0,0
499,3,0,0.0,0.0,"['Epithelial cells', 'Unassigned', 'CD4 T cells']",1,0.0,P1_TMA_REC_20190508-roi_4,CD4 T cells,Epithelial cells,9257,9303,0.0,0,0
500,3,0,0.0,0.0,"['Epithelial cells', 'Mesenchymal cells', 'CD4 T cells']",1,0.0,P1_TMA_REC_20190508-roi_4,CD4 T cells,Epithelial cells,9282,9301,0.0,0,0
501,2,0,0.0,0.0,"['Epithelial cells', 'CD4 T cells']",0,,P1_TMA_REC_20190508-roi_4,CD4 T cells,Epithelial cells,9308,9328,0.0,0,0
502,3,1,0.5,0.5,"['Epithelial cells', 'Myofibroblasts', 'CD4 T cells']",1,1.0,P1_TMA_REC_20190508-roi_4,CD4 T cells,Epithelial cells,9321,9356,1.0,1,1
503,3,0,0.0,0.0,"['Epithelial cells', 'Endothelial cells', 'CD4 T cells']",1,0.0,P1_TMA_REC_20190508-roi_4,CD4 T cells,Epithelial cells,9340,9433,0.0,0,0
504,2,0,0.0,0.0,"['Epithelial cells', 'CD4 T cells']",0,,P1_TMA_REC_20190508-roi_4,CD4 T cells,Epithelial cells,9399,9438,0.0,0,0
505,3,0,0.0,0.0,"['Epithelial cells', 'Mesenchymal cells', 'CD4 T cells']",1,0.0,P1_TMA_REC_20190508-roi_4,CD4 T cells,Epithelial cells,9420,9430,0.0,0,0
506,2,0,0.0,0.0,"['Epithelial cells', 'CD4 T cells']",0,,P1_TMA_REC_20190508-roi_4,CD4 T cells,Epithelial cells,9636,9670,0.0,0,0
